,Date,AMD,NVDA,GOOG,NFLX,T,TSLA,AAPL,F,ATVI,TTWO
0,09/20/2021,101.55000305175781,210.83192443847656,139.01699829101562,575.4299926757812,17.804096221923828,243.38999938964844,141.3052520751953,11.35352897644043,74.92161560058594,148.83999633789062
1,09/21/2021,102.81999969482422,212.16006469726562,139.64649963378906,573.1400146484375,17.640514373779297,246.4600067138672,141.7895965576172,11.309247016906738,71.82364654541016,145.72000122070312
2,09/22/2021,104.37999725341797,219.10025024414062,140.93850708007812,590.6500244140625,17.67323112487793,250.64666748046875,144.1819305419922,11.716628074645996,71.60728454589844,145.25
3,09/23/2021,106.1500015258789,224.5026092529297,141.82650756835938,593.260009765625,17.79100799560547,251.2133331298828,145.15072631835938,12.141719818115234,73.43655395507812,146.67999267578125
4,09/24/2021,105.80000305175781,220.49826049804688,142.63299560546875,592.3900146484375,17.75174903869629,258.1300048828125,145.23968505859375,12.203712463378906,74.01681518554688,147.36000061035156
5,09/27/2021,108.16000366210938,216.29421997070312,141.50100708007812,592.6400146484375,17.928417205810547,263.78668212890625,143.70741271972656,12.540245056152344,73.83979034423828,148.64999389648438
6,09/28/2021,101.5199966430664,206.6977996826172,136.1840057373047,583.8499755859375,17.823726654052734,259.1866760253906,140.28700256347656,12.673089027404785,75.06913757324219,149.11000061035156
7,09/29/2021,100.3499984741211,204.88034057617188,134.52099609375,599.0599975585938,17.928417205810547,260.4366760253906,141.19647216796875,12.664231300354004,76.1017837524414,151.60000610351562
8,09/30/2021,102.9000015258789,206.8675537109375,133.2655029296875,610.3400268554688,17.67323112487793,258.49334716796875,139.88168334960938,12.540245056152344,76.11162567138672,154.07000732421875
9,10/01/2021,102.44999694824219,207.12718200683594,136.46249389648438,613.1500244140625,17.771381378173828,258.40667724609375,141.0185089111328,12.540245056152344,77.23279571533203,158.5399932861328
10,10/04/2021,100.33999633789062,197.0414276123047,133.76499938964844,603.3499755859375,17.83026885986328,260.510009765625,137.54867553710938,12.708510398864746,75.90509796142578,157.1300048828125
11,10/05/2021,101.80999755859375,204.2212677001953,136.177001953125,634.8099975585938,17.89570426940918,260.1966552734375,139.4961395263672,12.655373573303223,75.5313720703125,162.02000427246094
12,10/06/2021,103.63999938964844,206.707763671875,137.35400390625,639.0999755859375,17.869524002075195,260.9166564941406,140.37599182128906,12.504820823669434,76.0132827758789,165.44000244140625
13,10/07/2021,106.44999694824219,210.45248413085938,139.1855010986328,631.8499755859375,18.183990478515625,264.53668212890625,141.6511993408203,13.18674087524414,76.08212280273438,170.77000427246094
14,10/08/2021,105.05999755859375,208.0159149169922,140.05599975585938,632.6599731445312,17.969188690185547,261.8299865722656,141.26564025878906,13.390432357788086,76.32799530029297,173.69000244140625
15,10/11/2021,104.68000030517578,206.6578369140625,138.84750366210938,627.0399780273438,17.47247314453125,263.9800109863281,141.1767120361328,13.36386489868164,75.0593032836914,170.72000122070312
16,10/12/2021,105.04000091552734,206.41815185546875,136.71299743652344,624.9400024414062,17.069726943969727,268.5733337402344,139.8915557861328,13.850950241088867,73.68241882324219,171.35000610351562
17,10/13/2021,109.16000366210938,209.09437561035156,137.89999389648438,629.760009765625,16.98246192932129,270.3599853515625,139.29843139648438,13.735818862915039,74.00697326660156,170.60000610351562
18,10/14/2021,111.98999786376953,217.15298461914062,141.41200256347656,633.7999877929688,17.197263717651367,272.7733459472656,142.1158447265625,13.682682037353516,74.85277557373047,169.3800048828125
19,10/15/2021,112.12000274658203,218.3113555908203,141.6750030517578,628.2899780273438,17.250961303710938,281.010009765625,143.18348693847656,13.904084205627441,75.13797760009766,170.55999755859375
20,10/18/2021,116.43000030517578,221.90628051757812,142.9604949951172,637.969970703125,17.002599716186523,290.03668212890625,144.87391662597656,13.78010082244873,75.13797760009766,171.75
21,10/19/2021,116.33000183105469,222.58531188964844,143.82200622558594,639.0,17.1771240234375,288.0899963378906,147.0586700439453,13.65611457824707,75.90509796142578,172.0399932861328
22,10/20/2021,116.38999938964844,220.71795654296875,142.4149932861328,625.1400146484375,17.391921997070312,288.6000061035156,147.55294799804688,14.205194473266602,76.79022979736328,173.5
23,10/21/2021,119.33000183105469,226.599609375,142.78050231933594,653.1599731445312,17.29123878479004,298.0,147.7704315185547,14.656852722167969,77.39998626708984,182.05999755859375
24,10/22/2021,119.81999969482422,226.9391632080078,138.625,664.780029296875,17.110000610351562,303.2266540527344,146.9894561767578,14.417739868164062,77.96056365966797,180.75
25,10/25/2021,122.36000061035156,231.33294677734375,138.7729949951172,671.6599731445312,17.2106876373291,341.6199951171875,146.94003295898438,14.169768333435059,79.8488540649414,182.99000549316406
26,10/26/2021,122.93000030517578,246.821044921875,139.6719970703125,668.52001953125,17.029449462890625,339.4766540527344,147.6122589111328,14.116632461547852,79.42595672607422,182.5399932861328
27,10/27/2021,122.27999877929688,244.164794921875,146.42750549316406,662.9199829101562,16.821365356445312,345.9533386230469,147.1476287841797,13.735818862915039,77.35081481933594,180.91000366210938
28,10/28/2021,121.16000366210938,249.05789184570312,146.12899780273438,674.0499877929688,17.15027618408203,359.0133361816406,150.8250732421875,14.931394577026367,77.57701110839844,181.11000061035156
29,10/29/2021,120.2300033569336,255.3090362548828,148.27049255371094,690.3099975585938,16.95561408996582,371.3333435058594,148.08676147460938,15.126229286193848,76.8984146118164,181.0
30,11/01/2021,125.2300033569336,257.9053649902344,143.7740020751953,681.1699829101562,17.029449462890625,402.86334228515625,147.25637817382812,15.896711349487305,78.03924560546875,183.8000030517578
31,11/02/2021,127.62999725341797,263.6372985839844,145.86300659179688,677.719970703125,16.935476303100586,390.6666564941406,148.30422973632812,15.949845314025879,76.38700103759766,183.94000244140625
32,11/03/2021,130.52999877929688,265.6044921875,146.7899932861328,688.2899780273438,16.90191650390625,404.6199951171875,149.75743103027344,16.49892234802246,65.64738464355469,184.16000366210938
33,11/04/2021,137.5,297.5892639160156,148.68299865722656,668.4000244140625,16.646841049194336,409.9700012207031,149.23348999023438,17.198556900024414,67.10294342041016,192.91000366210938
34,11/05/2021,136.33999633789062,297.09991455078125,149.24099731445312,645.719970703125,16.848215103149414,407.36334228515625,149.76809692382812,17.08342742919922,66.70954895019531,187.1999969482422
35,11/08/2021,150.16000366210938,307.6051330566406,149.35150146484375,651.4500122070312,16.700542449951172,387.64666748046875,148.9364776611328,17.845054626464844,65.71622467041016,185.13999938964844
36,11/09/2021,148.9199981689453,306.1372375488281,149.24850463867188,655.989990234375,16.586429595947266,341.1666564941406,149.3027801513672,17.818485260009766,65.9916000366211,186.80999755859375
37,11/10/2021,139.8699951171875,294.174072265625,146.62600708007812,646.9099731445312,16.747528076171875,355.98333740234375,146.44168090820312,17.145418167114258,65.55887603759766,182.75
38,11/11/2021,146.00999450683594,303.4709777832031,146.7480010986328,657.5800170898438,16.727392196655273,354.5033264160156,146.3921661376953,17.31368637084961,66.38499450683594,185.7100067138672
39,11/12/2021,147.88999938964844,303.4709777832031,149.64549255371094,682.6099853515625,16.740816116333008,344.47332763671875,148.4910125732422,17.269405364990234,68.538818359375,187.8300018310547
40,11/15/2021,146.49000549316406,299.8261413574219,149.38800048828125,679.3300170898438,16.646841049194336,337.7966613769531,148.50091552734375,17.588226318359375,69.26659393310547,177.60000610351562
41,11/16/2021,152.4499969482422,301.6036071777344,149.0760040283203,687.4000244140625,16.552867889404297,351.57666015625,149.4908905029297,17.526235580444336,65.0474624633789,179.69000244140625
42,11/17/2021,151.33999633789062,292.1968688964844,149.06199645996094,691.6900024414062,16.552867889404297,363.0033264160156,151.95599365234375,17.676788330078125,63.139503479003906,177.0399932861328
43,11/18/2021,155.02000427246094,316.3027648925781,150.70899963378906,682.02001953125,16.371631622314453,365.4599914550781,156.29222106933594,17.409767150878906,61.6347770690918,174.0
44,11/19/2021,155.41000366210938,329.38433837890625,149.95249938964844,678.7999877929688,16.19710922241211,379.0199890136719,158.94544982910156,17.258451461791992,61.349571228027344,170.5
45,11/22/2021,152.52000427246094,319.10888671875,147.07850646972656,659.2000122070312,16.5797176361084,385.6233215332031,159.41073608398438,18.22863006591797,61.172542572021484,164.91000366210938
46,11/23/2021,149.9199981689453,317.0117492675781,146.7570037841797,654.0599975585938,16.619993209838867,369.6766662597656,159.79684448242188,17.979412078857422,60.7496452331543,165.1300048828125
47,11/24/2021,157.8000030517578,326.2787170410156,146.71749877929688,658.2899780273438,16.425331115722656,372.0,160.32156372070312,18.023914337158203,59.90385055541992,164.30999755859375
48,11/26/2021,154.80999755859375,314.5852355957031,142.80599975585938,665.6400146484375,16.25752067565918,360.6400146484375,155.24281311035156,17.578876495361328,59.61864471435547,169.66000366210938
49,11/29/2021,161.91000366210938,333.288818359375,146.11399841308594,663.8400268554688,16.0360107421875,378.9966735839844,158.63856506347656,17.507673263549805,59.31376647949219,169.60000610351562
50,11/30/2021,158.3699951171875,326.2987060546875,142.45199584960938,641.9000244140625,15.324492454528809,381.586669921875,163.64797973632812,17.080440521240234,57.63201141357422,165.8800048828125
51,12/01/2021,149.11000061035156,313.9446716308594,141.6179962158203,617.77001953125,14.921744346618652,365.0,163.123291015625,17.427566528320312,56.33381271362305,160.35000610351562
52,12/02/2021,150.67999267578125,320.84576416015625,143.77650451660156,616.469970703125,15.472166061401367,361.5333251953125,162.12335205078125,17.685686111450195,56.343650817871094,161.3800048828125
53,12/03/2021,144.00999450683594,306.5342102050781,142.52049255371094,602.1300048828125,15.74737548828125,338.3233337402344,160.22254943847656,17.035934448242188,56.41249465942383,165.77999877929688
54,12/06/2021,139.05999755859375,299.982666015625,143.79649353027344,612.6900024414062,15.62654972076416,336.336669921875,163.66778564453125,17.107141494750977,57.130435943603516,164.39999389648438
55,12/07/2021,144.85000610351562,323.8518371582031,148.0364990234375,625.5800170898438,15.492302894592285,350.5833435058594,169.4691925048828,17.76579475402832,57.79920196533203,167.2899932861328
56,12/08/2021,145.24000549316406,317.8496398925781,148.7205047607422,628.0800170898438,15.552713394165039,356.32000732421875,173.33026123046875,17.63228416442871,58.29094314575195,170.5500030517578
57,12/09/2021,138.10000610351562,304.5068054199219,148.1060028076172,611.0,15.398329734802246,334.6000061035156,172.8154296875,17.418664932250977,58.0942497253418,166.3800048828125
58,12/10/2021,138.5500030517578,301.5906066894531,148.6750030517578,611.6599731445312,15.33120346069336,339.010009765625,177.65655517578125,19.09200096130371,57.63201141357422,165.60000610351562
59,12/13/2021,133.8000030517578,281.2467956542969,146.70449829101562,604.5599975585938,15.06270694732666,322.13665771484375,173.983642578125,18.18412971496582,57.73036193847656,166.25999450683594
60,12/14/2021,135.60000610351562,283.0046081542969,144.9705047607422,597.989990234375,14.962019920349121,319.5033264160156,172.5877227783203,17.84589958190918,58.53681564331055,167.6300048828125
61,12/15/2021,146.5,304.1972351074219,147.36849975585938,605.0399780273438,14.881471633911133,325.3299865722656,177.508056640625,17.970510482788086,59.26458740234375,171.14999389648438
62,12/16/2021,138.63999938964844,283.50396728515625,144.8385009765625,591.0599975585938,15.91518497467041,308.97332763671875,170.5384063720703,18.1129207611084,60.474273681640625,172.74000549316406
63,12/17/2021,137.75,277.6514587402344,142.80299377441406,586.72998046875,15.962173461914062,310.8566589355469,169.42962646484375,17.5966796875,60.34642028808594,175.74000549316406
64,12/20/2021,135.8000030517578,276.8325500488281,142.40150451660156,593.739990234375,16.237380981445312,299.9800109863281,168.0535125732422,17.28515625,60.779151916503906,178.35000610351562
65,12/21/2021,144.25,290.37506103515625,144.2205047607422,604.9199829101562,16.425331115722656,312.84332275390625,171.26112365722656,17.45427131652832,62.539581298828125,179.44000244140625
66,12/22/2021,143.8800048828125,293.62091064453125,146.94900512695312,614.239990234375,16.6334171295166,336.2900085449219,173.88462829589844,17.92600440979004,63.04115676879883,177.6199951171875
67,12/23/2021,146.13999938964844,296.01776123046875,147.1425018310547,614.0900268554688,16.693828582763672,355.6666564941406,174.51821899414062,18.023914337158203,64.08365631103516,177.9600067138672
68,12/27/2021,154.36000061035156,309.0509948730469,148.06399536132812,613.1199951171875,16.6334171295166,364.64666748046875,178.5277862548828,18.513450622558594,64.36885833740234,179.55999755859375
69,12/28/2021,153.14999389648438,302.8290100097656,146.447998046875,610.7100219726562,16.660266876220703,362.8233337402344,177.49815368652344,18.47784996032715,65.5687026977539,179.38999938964844
70,12/29/2021,148.25999450683594,299.6231384277344,146.50450134277344,610.5399780273438,16.53944206237793,362.0633239746094,177.5872802734375,18.299835205078125,66.05062103271484,180.3000030517578
71,12/30/2021,145.14999389648438,295.4784851074219,146.00250244140625,612.0900268554688,16.6334171295166,356.7799987792969,176.41903686523438,18.219728469848633,66.37516021728516,180.8300018310547
72,12/31/2021,143.89999389648438,293.73077392578125,144.67950439453125,602.4400024414062,16.51259422302246,352.260009765625,175.7953643798828,18.48674774169922,65.43102264404297,177.72000122070312
73,01/03/2022,150.24000549316406,300.82159423828125,145.07449340820312,597.3699951171875,17.069726943969727,399.9266662597656,180.19094848632812,19.376819610595703,66.30631256103516,178.61000061035156
74,01/04/2022,144.4199981689453,292.52227783203125,144.41650390625,591.1500244140625,17.2106876373291,383.1966552734375,177.904052734375,21.637598037719727,66.08995056152344,181.89999389648438
75,01/05/2022,136.14999389648438,275.68402099609375,137.65350341796875,567.52001953125,17.593294143676758,362.7066650390625,173.17184448242188,21.059049606323242,65.19497680664062,171.85000610351562
76,01/06/2022,136.22999572753906,281.4166259765625,137.55099487304688,553.2899780273438,17.526172637939453,354.8999938964844,170.28099060058594,21.77110481262207,62.765785217285156,164.61000061035156
77,01/07/2022,132.0,272.11865234375,137.00450134277344,541.0599975585938,18.12491798400879,342.32000732421875,170.44931030273438,21.753307342529297,62.98215103149414,164.60000610351562
78,01/10/2022,132.0,273.64666748046875,138.57400512695312,539.8499755859375,18.242124557495117,352.7066650390625,170.4691162109375,21.228164672851562,62.06751251220703,142.99000549316406
79,01/11/2022,137.30999755859375,277.8113098144531,140.0175018310547,540.8400268554688,18.159393310546875,354.79998779296875,173.33026123046875,21.673200607299805,64.76224517822266,148.4199981689453
80,01/12/2022,137.47000122070312,279.6289367675781,141.6479949951172,537.219970703125,18.235227584838867,368.739990234375,173.77572631835938,21.780006408691406,63.73942947387695,156.05999755859375
81,01/13/2022,132.74000549316406,265.4073486328125,139.13099670410156,519.2000122070312,18.476526260375977,343.85333251953125,170.4691162109375,22.269546508789062,63.11000061035156,154.8300018310547
82,01/14/2022,136.8800048828125,269.07257080078125,139.7864990234375,525.6900024414062,18.738508224487305,349.8699951171875,171.34033203125,22.420860290527344,64.30984497070312,152.5800018310547
83,01/18/2022,131.92999267578125,258.69598388671875,136.29049682617188,510.79998779296875,18.82813262939453,343.5033264160156,168.10299682617188,21.69990348815918,80.95035552978516,154.0399932861328
84,01/19/2022,128.27000427246094,250.34677124023438,135.65199279785156,515.8599853515625,18.807451248168945,331.8833312988281,164.5686798095703,19.982070922851562,80.79299926757812,163.36000061035156
85,01/20/2022,121.88999938964844,241.18856811523438,133.50650024414062,508.25,18.62820053100586,332.0899963378906,162.86585998535156,19.27001190185547,80.4094467163086,164.4600067138672
86,01/21/2022,118.80999755859375,233.43858337402344,130.0919952392578,397.5,18.345535278320312,314.6333312988281,160.78688049316406,18.37994384765625,80.00621032714844,164.75999450683594
87,01/24/2022,116.52999877929688,233.41860961914062,130.3719940185547,387.1499938964844,18.159393310546875,310.0,160.00473022460938,18.148521423339844,78.64900970458984,164.99000549316406
88,01/25/2022,111.12999725341797,222.95213317871094,126.7354965209961,366.4200134277344,18.25591278076172,306.1333312988281,158.18313598632812,17.783594131469727,77.81305694580078,158.38999938964844
89,01/26/2022,110.70999908447266,227.42636108398438,129.24000549316406,359.70001220703125,16.7185001373291,312.4700012207031,158.09402465820312,17.721290588378906,77.47866821289062,157.9199981689453
90,01/27/2022,102.5999984741211,219.1570281982422,129.12100219726562,386.70001220703125,16.628873825073242,276.3666687011719,157.62872314453125,17.40086555480957,77.59668731689453,157.25
91,01/28/2022,105.23999786376953,228.10546875,133.2895050048828,384.3599853515625,17.38034439086914,282.1166687011719,168.62770080566406,17.48138427734375,77.83271789550781,158.74000549316406
92,01/31/2022,114.25,244.5442657470703,135.69850158691406,427.1400146484375,17.580278396606445,312.239990234375,173.03323364257812,18.161314010620117,77.70487213134766,163.33999633789062
93,02/01/2022,116.77999877929688,246.06228637695312,137.8784942626953,457.1300048828125,16.8356990814209,310.4166564941406,172.86492919921875,18.483388900756836,77.75403594970703,160.25
94,02/02/2022,122.76000213623047,252.09446716308594,148.0364990234375,429.4800109863281,16.918432235717773,301.88665771484375,174.08262634277344,18.456546783447266,77.94090270996094,165.0500030517578
95,02/03/2022,120.08000183105469,239.17117309570312,142.65049743652344,405.6000061035156,16.932218551635742,297.0466613769531,171.17202758789062,17.79450798034668,77.6458511352539,163.02000427246094
96,02/04/2022,123.5999984741211,242.8764190673828,143.01600646972656,410.1700134277344,16.60129737854004,307.7733459472656,170.88455200195312,16.067840576171875,77.94090270996094,175.0
97,02/07/2022,123.66999816894531,246.9611053466797,138.93800354003906,402.1000061035156,16.49788475036621,302.4466552734375,170.16091918945312,16.005216598510742,78.186767578125,175.10000610351562
98,02/08/2022,128.22999572753906,250.7562255859375,139.21299743652344,403.5299987792969,16.504779815673828,307.3333435058594,173.30323791503906,15.853127479553223,78.90471649169922,172.1999969482422
99,02/09/2022,132.85000610351562,266.70562744140625,141.4530029296875,412.8900146484375,16.890853881835938,310.6666564941406,174.74057006835938,16.41675567626953,80.15373229980469,172.33999633789062
100,02/10/2022,125.7699966430664,257.906982421875,138.6024932861328,406.2699890136719,16.7185001373291,301.51666259765625,170.61692810058594,16.17519760131836,80.10456085205078,173.14999389648438
101,02/11/2022,113.18000030517578,239.18118286132812,134.1300048828125,391.30999755859375,16.63576889038086,286.6666564941406,167.1673126220703,15.701037406921387,80.15373229980469,171.47999572753906
102,02/14/2022,114.2699966430664,242.35707092285156,135.3000030517578,396.57000732421875,16.58061408996582,291.9200134277344,167.4051971435547,15.620519638061523,80.15373229980469,167.07000732421875
103,02/15/2022,121.47000122070312,264.6083679199219,136.42550659179688,407.4599914550781,16.780548095703125,307.4766540527344,171.28106689453125,16.17519760131836,80.17340087890625,168.92999267578125
104,02/16/2022,117.69000244140625,264.7680969238281,137.4875030517578,398.0799865722656,16.504779815673828,307.7966613769531,171.04318237304688,16.112573623657227,80.11439514160156,166.08999633789062
105,02/17/2022,112.37000274658203,244.75399780273438,132.30850219726562,386.6700134277344,16.38068199157715,292.1166687011719,167.4051971435547,15.69209098815918,79.63249206542969,162.1300048828125
106,02/18/2022,113.83000183105469,236.11512756347656,130.46749877929688,391.2900085449219,16.456520080566406,285.6600036621094,165.83901977539062,16.139415740966797,79.71117401123047,158.5
107,02/22/2022,115.6500015258789,233.59835815429688,129.40249633789062,377.3800048828125,16.37378692626953,273.84332275390625,162.88504028320312,15.468429565429688,79.88819885253906,158.27999877929688
108,02/23/2022,109.76000213623047,223.58131408691406,127.58499908447266,367.4599914550781,16.20832633972168,254.67999267578125,158.67214965820312,15.164250373840332,79.37678527832031,157.82000732421875
109,02/24/2022,116.61000061035156,237.17376708984375,132.67349243164062,390.0299987792969,16.015289306640625,266.92333984375,161.31883239746094,15.343178749084473,79.67182922363281,163.3800048828125
110,02/25/2022,121.05999755859375,241.25851440429688,134.51950073242188,390.79998779296875,16.484094619750977,269.9566650390625,163.41041564941406,15.951537132263184,80.09473419189453,165.27999877929688
111,02/28/2022,123.33999633789062,243.53555297851562,134.89100646972656,394.5199890136719,16.332422256469727,290.1433410644531,163.67803955078125,15.709985733032227,80.15373229980469,162.0
112,03/01/2022,113.83000183105469,234.46728515625,134.16799926757812,386.239990234375,16.222116470336914,288.1233215332031,161.7748260498047,14.94058895111084,79.5439682006836,159.8000030517578
113,03/02/2022,118.27999877929688,241.9289093017578,134.75149536132812,380.0299987792969,16.422046661376953,293.2966613769531,165.10546875,16.19309425354004,80.13407135009766,160.86000061035156
114,03/03/2022,111.9800033569336,236.87457275390625,134.30799865722656,368.07000732421875,16.484094619750977,279.7633361816406,164.77835083007812,15.745769500732422,80.15373229980469,158.1999969482422
115,03/04/2022,108.41000366210938,229.103271484375,132.1219940185547,361.7300109863281,16.456520080566406,279.42999267578125,161.74505615234375,15.074786186218262,80.08488464355469,158.00999450683594
116,03/07/2022,102.94999694824219,213.28099060058594,126.4645004272461,350.260009765625,16.249691009521484,268.1933288574219,157.9088897705078,14.287496566772461,79.21942901611328,158.0
117,03/08/2022,105.52999877929688,214.89918518066406,127.27850341796875,341.760009765625,15.856719017028809,274.79998779296875,156.0651092529297,14.341175079345703,79.69149780273438,156.10000610351562
118,03/09/2022,111.05000305175781,229.8824005126953,133.86599731445312,358.7900085449219,16.03597068786621,286.3233337402344,161.5269775390625,14.645356178283691,79.49480438232422,158.32000732421875
119,03/10/2022,106.45999908447266,226.32638549804688,132.6820068359375,356.7699890136719,15.987709999084473,279.4333190917969,157.13568115234375,14.609569549560547,79.46530151367188,158.2899932861328
120,03/11/2022,104.29000091552734,220.7526092529297,130.47549438476562,340.32000732421875,15.987709999084473,265.1166687011719,153.37876892089844,14.350123405456543,78.98339080810547,153.49000549316406
121,03/14/2022,102.25,213.06126403808594,126.74099731445312,331.010009765625,15.78088665008545,255.4566650390625,149.30465698242188,14.081727981567383,78.23595428466797,141.82000732421875
122,03/15/2022,109.33000183105469,229.47283935546875,129.66050720214844,343.75,15.918767929077148,267.2966613769531,153.7356414794922,14.36801528930664,78.19660949707031,142.8800048828125
123,03/16/2022,115.37000274658203,244.6858367919922,133.6905059814453,357.5299987792969,15.987709999084473,280.07666015625,158.1963348388672,14.833230972290039,77.81305694580078,148.7899932861328
124,03/17/2022,111.69000244140625,247.38278198242188,134.60049438476562,371.3999938964844,15.987709999084473,290.5333251953125,159.2173614501953,14.833230972290039,77.58685302734375,149.50999450683594
125,03/18/2022,113.45999908447266,264.23388671875,136.80149841308594,380.6000061035156,16.008390426635742,301.7966613769531,162.54800415039062,15.083732604980469,77.45899200439453,151.3699951171875
126,03/21/2022,115.91999816894531,267.0407409667969,136.47850036621094,374.5899963378906,15.96702766418457,307.0533447265625,163.935791015625,14.743766784667969,77.53766632080078,151.22000122070312
127,03/22/2022,114.77999877929688,264.9430847167969,140.27749633789062,382.9200134277344,16.00149917602539,331.32666015625,167.34573364257812,15.28950023651123,77.99007415771484,152.2899932861328
128,03/23/2022,113.91999816894531,256.0531005859375,138.5034942626953,374.489990234375,16.00149917602539,333.03668212890625,168.7235870361328,14.922696113586426,77.76387023925781,149.39999389648438
129,03/24/2022,120.52999877929688,281.1849365234375,141.31199645996094,375.7099914550781,16.084230422973633,337.97332763671875,172.54989624023438,15.056892395019531,78.3047866821289,150.5
130,03/25/2022,119.66999816894531,276.6100158691406,141.52149963378906,373.8500061035156,16.435834884643555,336.8800048828125,173.1942138671875,14.734819412231445,78.28511810302734,154.5
131,03/28/2022,120.23999786376953,281.8741149902344,141.9499969482422,378.510009765625,16.456520080566406,363.9466552734375,174.0665283203125,14.913749694824219,78.68834686279297,156.5
132,03/29/2022,123.2300033569336,286.2392578125,143.25,391.82000732421875,16.539247512817383,366.5233459472656,177.39718627929688,15.879966735839844,79.41612243652344,158.57000732421875
133,03/30/2022,119.22000122070312,276.5900573730469,142.64450073242188,381.4700012207031,16.642662048339844,364.663330078125,176.2175750732422,15.450536727905273,79.03256225585938,156.05999755859375
134,03/31/2022,109.33999633789062,272.5545959472656,139.64950561523438,374.5899963378906,16.29105567932129,359.20001220703125,173.0851593017578,15.128464698791504,78.78669738769531,153.74000549316406
135,04/01/2022,108.19000244140625,266.82098388671875,140.6999969482422,373.4700012207031,16.53235626220703,361.5299987792969,172.78778076171875,14.895855903625488,79.48497009277344,151.8800048828125
136,04/04/2022,110.52999877929688,273.29376220703125,143.6425018310547,391.5,16.670238494873047,381.8166809082031,176.8817138671875,14.904802322387695,79.3964614868164,154.42999267578125
137,04/05/2022,106.81999969482422,259.0197448730469,141.06300354003906,380.1499938964844,16.470306396484375,363.7533264160156,173.53125,14.153300285339355,79.05223846435547,151.89999389648438
138,04/06/2022,103.66999816894531,243.7968292236328,137.17599487304688,368.3500061035156,16.56682586669922,348.586669921875,170.32945251464844,13.76860237121582,78.78669738769531,147.1999969482422
139,04/07/2022,103.72000122070312,241.80902099609375,136.46499633789062,362.1499938964844,16.35999870300293,352.4200134277344,170.63674926757812,13.383905410766602,78.78669738769531,143.39999389648438
140,04/08/2022,101.0,230.93121337890625,134.010498046875,355.8800048828125,16.642662048339844,341.8299865722656,168.60462951660156,13.464423179626465,78.76702117919922,141.30999755859375
141,04/11/2022,97.37000274658203,218.92469787597656,129.79649353027344,348.0,17.91817855834961,325.30999755859375,164.30255126953125,13.670190811157227,78.16710662841797,140.52999877929688
142,04/12/2022,95.0999984741211,214.79930114746094,128.37449645996094,344.1000061035156,17.85428237915039,328.98333740234375,166.1958770751953,13.741762161254883,78.22611236572266,138.36000061035156
143,04/13/2022,97.73999786376953,221.78147888183594,130.28599548339844,350.42999267578125,17.98206329345703,340.7900085449219,168.91192626953125,13.875960350036621,78.25579071044922,138.99000549316406
144,04/14/2022,93.05999755859375,212.34205627441406,127.25299835205078,341.1300048828125,18.09317970275879,328.3333435058594,163.84657287597656,13.849120140075684,78.08760833740234,137.9600067138672
145,04/18/2022,93.88999938964844,217.58616638183594,127.96099853515625,337.8599853515625,18.019102096557617,334.7633361816406,163.6284942626953,14.019103050231934,78.21621704101562,135.6999969482422
146,04/19/2022,96.93000030517578,221.7315216064453,130.531005859375,348.6099853515625,18.046878814697266,342.7166748046875,165.93814086914062,14.448533058166504,78.18653869628906,140.3699951171875
147,04/20/2022,94.0199966430664,214.57952880859375,128.24549865722656,226.19000244140625,17.991321563720703,325.73333740234375,165.7696075439453,14.359068870544434,78.06782531738281,137.33999633789062
148,04/21/2022,89.8499984741211,201.6040802001953,124.9375,218.22000122070312,18.71356773376465,336.260009765625,164.96669006347656,14.045942306518555,78.05792999267578,131.52999877929688
149,04/22/2022,88.13999938964844,194.9315643310547,119.61399841308594,215.52000427246094,18.074657440185547,335.01666259765625,160.3771209716797,13.535993576049805,77.7710189819336,136.41000366210938
150,04/25/2022,90.69000244140625,198.7972412109375,123.25,209.91000366210938,18.065401077270508,332.67333984375,161.45761108398438,13.680089950561523,77.21700286865234,132.9600067138672
151,04/26/2022,85.16000366210938,187.6697235107422,119.50599670410156,198.39999389648438,17.870948791503906,292.1400146484375,155.4307098388672,13.247801780700684,76.23755645751953,125.01000213623047
152,04/27/2022,84.91000366210938,183.94386291503906,115.02050018310547,188.5399932861328,17.657978057861328,293.836669921875,155.20272827148438,13.373886108398438,75.28780364990234,121.6500015258789
153,04/28/2022,89.63999938964844,197.59857177734375,119.4114990234375,199.52000427246094,17.98206329345703,292.5033264160156,162.21096801757812,13.166749000549316,75.88140106201172,123.2300033569336
154,04/29/2022,85.5199966430664,185.26239013671875,114.96649932861328,190.36000061035156,17.463529586791992,290.2533264160156,156.27328491210938,12.752472877502441,74.79314422607422,119.51000213623047
155,05/02/2022,89.83999633789062,195.1113739013672,117.15699768066406,199.4600067138672,17.70427703857422,300.9800109863281,156.58058166503906,12.851539611816406,77.22689056396484,121.94000244140625
156,05/03/2022,91.12999725341797,195.8005828857422,118.12950134277344,199.8699951171875,17.898725509643555,303.0833435058594,158.0872802734375,13.112713813781738,77.93920135498047,121.3499984741211
157,05/04/2022,99.41999816894531,203.11239624023438,122.57499694824219,204.00999450683594,18.472820281982422,317.5400085449219,164.57017517089844,13.49096393585205,78.39429473876953,124.76000213623047
158,05/05/2022,93.87000274658203,188.22906494140625,116.74649810791016,188.32000732421875,18.472820281982422,291.09332275390625,155.40097045898438,13.085695266723633,77.91941833496094,120.2300033569336
159,05/06/2022,95.33999633789062,186.5409698486328,115.66000366210938,180.97000122070312,18.54689598083496,288.54998779296875,156.13558959960938,12.797502517700195,77.00923156738281,114.2699966430664
160,05/09/2022,86.36000061035156,169.31027221679688,113.08399963378906,173.10000610351562,18.102434158325195,262.3699951171875,150.9535675048828,12.041001319885254,76.34638977050781,106.1500015258789
161,05/10/2022,88.7300033569336,175.75303649902344,114.58450317382812,177.66000366210938,17.926504135131836,266.67999267578125,153.38572692871094,12.022988319396973,76.09905242919922,103.58999633789062
162,05/11/2022,87.91999816894531,166.11386108398438,113.96099853515625,166.3699951171875,17.991321563720703,244.6666717529297,145.43402099609375,11.554677963256836,76.6431884765625,105.26000213623047
163,05/12/2022,87.05999755859375,161.56893920898438,113.16100311279297,174.30999755859375,18.259849548339844,242.6666717529297,141.52267456054688,11.203444480895996,76.55414581298828,106.20999908447266
164,05/13/2022,95.12000274658203,176.86180114746094,116.5155029296875,187.63999938964844,18.370962142944336,256.5299987792969,146.03956604003906,12.158079147338867,76.9103012084961,109.93000030517578
165,05/16/2022,94.23999786376953,172.44674682617188,114.7925033569336,186.50999450683594,18.778385162353516,241.4566650390625,144.4810028076172,11.752808570861816,77.16753387451172,110.11000061035156
166,05/17/2022,102.47000122070312,181.56655883789062,116.70149993896484,190.55999755859375,19.046911239624023,253.8699951171875,148.15408325195312,12.185094833374023,77.70176696777344,123.08000183105469
167,05/18/2022,96.27999877929688,169.19039916992188,112.4010009765625,177.19000244140625,18.732086181640625,236.60333251953125,139.79534912109375,11.509647369384766,77.08837890625,123.05000305175781
168,05/19/2022,96.66999816894531,171.04832458496094,110.74549865722656,183.47999572753906,18.71356773376465,236.47332763671875,136.35060119628906,11.5726900100708,76.9103012084961,119.76000213623047
169,05/20/2022,93.5,166.7531280517578,109.31300354003906,186.35000610351562,18.889495849609375,221.3000030517578,136.58885192871094,11.25748062133789,76.57393646240234,116.12000274658203
170,05/23/2022,95.06999969482422,168.7908477783203,111.66649627685547,187.44000244140625,19.20432472229004,224.96665954589844,142.06869506835938,11.554677963256836,76.37606811523438,123.62000274658203
171,05/24/2022,91.16000366210938,161.3591766357422,105.9260025024414,180.33999633789062,19.593225479125977,209.3866729736328,139.3386993408203,11.185431480407715,76.20787811279297,122.69000244140625
172,05/25/2022,92.6500015258789,169.5599822998047,105.8395004272461,187.8300018310547,19.72286033630371,219.60000610351562,139.49755859375,11.446606636047363,76.88062286376953,122.08000183105469
173,05/26/2022,98.75,178.31016540527344,108.2959976196289,191.39999389648438,19.741378784179688,235.91000366210938,142.73379516601562,11.815852165222168,77.15763854980469,123.27999877929688
174,05/27/2022,102.26000213623047,187.89944458007812,112.79900360107422,195.19000244140625,19.713600158691406,253.2100067138672,148.55116271972656,12.27515697479248,77.36539459228516,125.77999877929688
175,05/31/2022,101.86000061035156,186.510986328125,114.03900146484375,197.44000244140625,19.713600158691406,252.75332641601562,147.7570037841797,12.320186614990234,77.0488052368164,124.52999877929688
176,06/01/2022,101.22000122070312,182.9949493408203,114.13700103759766,192.91000366210938,19.64878273010254,246.7899932861328,147.62794494628906,12.203108787536621,76.58383178710938,124.62999725341797
177,06/02/2022,108.58999633789062,195.70068359375,117.74600219726562,205.08999633789062,19.62100601196289,258.3333435058594,150.10975646972656,12.509312629699707,77.39508056640625,129.0500030517578
178,06/03/2022,106.30000305175781,186.99046325683594,114.56400299072266,198.97999572753906,19.35247802734375,234.51666259765625,144.32215881347656,12.158079147338867,77.05870056152344,126.97000122070312
179,06/06/2022,105.6500015258789,187.64971923828125,117.010498046875,197.13999938964844,19.389514923095703,238.27999877929688,145.07664489746094,12.122055053710938,76.95977020263672,126.98999786376953
180,06/07/2022,105.27999877929688,189.0481414794922,117.22949981689453,198.61000061035156,19.57470703125,238.8866729736328,147.62794494628906,12.374221801757812,77.19721221923828,131.64999389648438
181,06/08/2022,101.9000015258789,186.3106231689453,117.23799896240234,202.8300018310547,19.491369247436523,241.86666870117188,146.88339233398438,12.185094833374023,76.80147552490234,131.39999389648438
182,06/09/2022,98.80000305175781,180.3160858154297,114.91799926757812,192.77000427246094,19.333955764770508,239.7066650390625,141.6020965576172,11.959946632385254,75.9605484008789,129.22999572753906
183,06/10/2022,94.81999969482422,169.5858612060547,111.42749786376953,182.94000244140625,19.15802764892578,232.22999572753906,136.13221740722656,11.482629776000977,75.66375732421875,127.94999694824219
184,06/13/2022,86.98999786376953,156.32789611816406,106.87650299072266,169.69000244140625,18.29688835144043,215.73666381835938,130.92041015625,10.636067390441895,73.96211242675781,123.19000244140625
185,06/14/2022,86.98999786376953,158.21617126464844,107.19400024414062,167.5399932861328,18.009841918945312,220.88999938964844,131.7939910888672,10.987299919128418,73.84339141845703,121.41000366210938
186,06/15/2022,89.30000305175781,165.1199188232422,110.3905029296875,180.11000061035156,18.00058364868164,233.0,134.44456481933594,11.05034351348877,74.54581451416016,126.16000366210938
187,06/16/2022,82.05000305175781,155.86831665039062,106.63600158691406,173.35000610351562,17.556121826171875,213.10000610351562,129.1136474609375,10.131731986999512,73.1409683227539,124.9000015258789
188,06/17/2022,81.56999969482422,158.65579223632812,107.8655014038086,175.50999450683594,17.945026397705078,216.75999450683594,130.60272216796875,10.11371898651123,73.91264343261719,125.80999755859375
189,06/21/2022,83.79000091552734,165.50955200195312,112.01499938964844,170.91000366210938,18.48207664489746,237.0366668701172,134.88134765625,10.320858001708984,75.23834228515625,128.77999877929688
190,06/22/2022,83.75,163.45144653320312,112.03399658203125,178.88999938964844,18.81542205810547,236.086669921875,134.3651580810547,10.338869094848633,74.89207458496094,128.60000610351562
191,06/23/2022,82.43000030517578,162.10264587402344,112.68450164794922,181.7100067138672,19.083951950073242,235.07000732421875,137.26390075683594,10.410918235778809,75.67364501953125,130.0500030517578
192,06/24/2022,87.08000183105469,171.10446166992188,118.53800201416016,190.85000610351562,19.435813903808594,245.7066650390625,140.62924194335938,10.816186904907227,77.10816955566406,133.6199951171875
193,06/27/2022,86.16000366210938,168.5367889404297,116.62249755859375,189.13999938964844,19.241361618041992,244.9199981689453,140.62924194335938,10.843205451965332,77.17742919921875,129.2100067138672
194,06/28/2022,80.77999877929688,159.6748504638672,112.57150268554688,179.60000610351562,19.083951950073242,232.663330078125,136.43994140625,10.636067390441895,76.33650207519531,126.18000030517578
195,06/29/2022,77.98999786376953,155.2788543701172,112.25650024414062,178.36000061035156,19.39877700805664,228.49000549316406,138.2169189453125,10.374894142150879,77.1279525756836,125.52999877929688
196,06/30/2022,76.47000122070312,151.45233154296875,109.37249755859375,174.8699951171875,19.40803337097168,224.47332763671875,135.72518920898438,10.023660659790039,77.02902221679688,122.52999877929688
197,07/01/2022,73.66999816894531,145.0980987548828,109.08100128173828,179.9499969482422,19.732118606567383,227.26333618164062,137.91908264160156,10.194774627685547,77.7314453125,124.86000061035156
198,07/05/2022,75.19999694824219,149.5040740966797,113.88700103759766,185.8800048828125,19.60248565673828,233.06666564941406,140.5299530029297,10.086702346801758,78.02824401855469,127.04000091552734
199,07/06/2022,75.3499984741211,151.16259765625,115.2135009765625,184.05999755859375,19.528411865234375,231.73333740234375,141.88006591796875,9.96061897277832,77.53358459472656,125.62000274658203
200,07/07/2022,79.30000305175781,158.4359893798828,119.30599975585938,189.27000427246094,19.583965301513672,244.5433349609375,145.28512573242188,10.491971969604492,77.7710189819336,126.81999969482422
201,07/08/2022,79.3499984741211,158.2361602783203,120.16850280761719,186.97999572753906,19.516408920288086,250.76333618164062,145.97007751464844,10.464953422546387,77.296142578125,124.93000030517578
202,07/11/2022,76.94999694824219,151.38241577148438,116.52249908447266,177.33999633789062,19.385047912597656,234.3433380126953,143.81588745117188,10.167756080627441,76.95977020263672,122.69999694824219
203,07/12/2022,76.36000061035156,150.6830291748047,114.84950256347656,174.4499969482422,19.328752517700195,233.07000732421875,144.79867553710938,10.410918235778809,75.72311401367188,121.98999786376953
204,07/13/2022,77.5199966430664,151.5022735595703,112.18699645996094,176.55999755859375,19.18800926208496,237.0399932861328,144.43136596679688,10.365888595581055,75.14929962158203,121.13999938964844
205,07/14/2022,78.5999984741211,153.5803985595703,111.44000244140625,174.77999877929688,19.075414657592773,238.31333923339844,147.38967895507812,10.257816314697266,75.42631530761719,122.73999786376953
206,07/15/2022,81.11000061035156,157.4768524169922,112.76699829101562,189.11000061035156,19.300601959228516,240.06666564941406,149.0773162841797,10.699109077453613,76.56404113769531,123.8499984741211
207,07/18/2022,81.43000030517578,160.86376953125,109.91000366210938,190.9199981689453,19.263072967529297,240.54666137695312,145.9998779296875,10.771157264709473,76.16830444335938,123.6500015258789
208,07/19/2022,85.87999725341797,169.76568603515625,114.62000274658203,201.6300048828125,19.516408920288086,245.52999877929688,149.90127563476562,11.338534355163574,77.79080200195312,126.97000122070312
209,07/20/2022,89.43000030517578,177.9082794189453,114.69999694824219,216.44000244140625,19.216156005859375,247.5,151.92642211914062,11.464616775512695,78.45365905761719,130.00999450683594
210,07/21/2022,91.08999633789062,180.33607482910156,115.04000091552734,223.8800048828125,17.752426147460938,271.7066650390625,154.21963500976562,11.707778930664062,78.6416244506836,132.27000427246094
211,07/22/2022,88.0999984741211,173.03273010253906,108.36000061035156,220.44000244140625,17.264516830444336,272.24334716796875,152.9687957763672,11.545671463012695,78.38440704345703,130.41000366210938
212,07/25/2022,87.54000091552734,170.08538818359375,108.20999908447266,218.50999450683594,17.38649559020996,268.4333190917969,151.8370819091797,11.56368350982666,78.79991912841797,130.77000427246094
213,07/26/2022,85.25,165.17987060546875,105.44000244140625,213.91000366210938,17.170686721801758,258.8599853515625,150.4969024658203,11.293503761291504,78.61194610595703,131.10000610351562
214,07/27/2022,89.81999969482422,177.73843383789062,113.5999984741211,226.75,17.2551326751709,274.82000732421875,155.6491241455078,11.87889289855957,78.93843078613281,130.5800018310547
215,07/28/2022,91.66999816894531,179.67666625976562,114.58999633789062,226.02000427246094,17.433406829833984,280.8999938964844,156.205078125,12.608378410339355,78.66141510009766,130.35000610351562
216,07/29/2022,94.47000122070312,181.46507263183594,116.63999938964844,224.89999389648438,17.62106704711914,297.1499938964844,161.3275146484375,13.229790687561035,79.09671783447266,132.72999572753906
217,08/01/2022,96.77999877929688,184.24252319335938,115.4800033569336,226.2100067138672,17.57415008544922,297.27667236328125,160.3347930908203,13.815179824829102,79.22533416748047,127.55999755859375
218,08/02/2022,99.29000091552734,185.0917510986328,115.9000015258789,221.4199981689453,17.226985931396484,300.586669921875,158.84568786621094,13.653071403503418,78.47344207763672,126.66000366210938
219,08/03/2022,98.08999633789062,188.75839233398438,118.77999877929688,226.72999572753906,17.23636817932129,307.39666748046875,164.9211883544922,14.130388259887695,79.7298812866211,129.80999755859375
220,08/04/2022,103.91000366210938,191.97549438476562,118.87000274658203,229.91000366210938,17.142539978027344,308.6333312988281,164.603515625,13.842198371887207,79.79914093017578,127.38999938964844
221,08/05/2022,102.30999755859375,189.71754455566406,118.22000122070312,226.77999877929688,17.217601776123047,288.1700134277344,164.3748779296875,13.779155731201172,79.63095092773438,127.16000366210938
222,08/08/2022,100.06999969482422,177.76841735839844,118.13999938964844,233.49000549316406,16.88920021057129,290.42333984375,163.89768981933594,14.211441993713379,80.13551330566406,125.51000213623047
223,08/09/2022,95.54000091552734,170.70481872558594,117.5,229.94000244140625,16.983028411865234,283.3333435058594,163.94740295410156,13.680089950561523,79.7298812866211,120.76000213623047
224,08/10/2022,99.05000305175781,180.80564880371094,120.6500015258789,244.11000061035156,16.898582458496094,294.3566589355469,168.241943359375,14.09849739074707,80.04647827148438,123.79000091552734
225,08/11/2022,98.12000274658203,179.25706481933594,119.81999969482422,242.6999969482422,16.926734924316406,286.6300048828125,167.49635314941406,14.398658752441406,79.65074157714844,120.66999816894531
226,08/12/2022,100.83000183105469,186.92007446289062,122.6500015258789,249.3000030517578,17.142539978027344,300.0299987792969,171.08506774902344,14.717012405395508,79.9277572631836,123.13999938964844
227,08/15/2022,101.01000213623047,190.14715576171875,122.87999725341797,249.11000061035156,17.2551326751709,309.32000732421875,172.1686248779297,14.844351768493652,79.86840057373047,127.38999938964844
228,08/16/2022,100.19999694824219,188.61854553222656,122.51000213623047,245.69000244140625,17.42402458190918,306.5633239746094,172.0095672607422,14.94440746307373,80.05636596679688,136.58999633789062
229,08/17/2022,98.2699966430664,183.18350219726562,120.31999969482422,241.14999389648438,17.283281326293945,303.9966735839844,173.52061462402344,14.580574989318848,79.67052459716797,133.0
230,08/18/2022,100.44000244140625,187.55950927734375,120.86000061035156,245.1699981689453,17.292665481567383,302.8699951171875,173.12295532226562,14.68972396850586,79.58148956298828,130.47000122070312
231,08/19/2022,95.94999694824219,178.3279266357422,118.12000274658203,241.16000366210938,17.292665481567383,296.6666564941406,170.5084686279297,14.444137573242188,79.41329956054688,127.73999786376953
232,08/22/2022,92.83999633789062,170.185302734375,115.06999969482422,226.5399932861328,17.01117515563965,289.913330078125,166.581787109375,13.716472625732422,78.90874481201172,125.31999969482422
233,08/23/2022,92.48999786376953,171.6539764404297,114.7699966430664,224.5500030517578,16.945497512817383,296.4533386230469,166.24378967285156,13.934772491455078,78.49322509765625,124.36000061035156
234,08/24/2022,92.7300033569336,172.06358337402344,114.69999694824219,229.61000061035156,16.898582458496094,297.0966796875,166.54200744628906,14.116689682006836,78.43386840820312,123.30000305175781
235,08/25/2022,97.18000030517578,178.96730041503906,117.69999694824219,233.97999572753906,16.97364616394043,296.07000732421875,169.0272674560547,14.489617347717285,78.22611236572266,125.4800033569336
236,08/26/2022,91.18000030517578,162.4523162841797,111.30000305175781,223.27999877929688,16.78598976135254,288.0899963378906,162.65504455566406,14.016634941101074,77.79080200195312,127.47000122070312
237,08/29/2022,88.48999786376953,157.86647033691406,110.33999633789062,224.57000732421875,16.682777404785156,284.82000732421875,160.42828369140625,14.1621675491333,77.9095230102539,122.9000015258789
238,08/30/2022,86.94000244140625,154.5395050048828,109.91000366210938,220.64999389648438,16.72031021118164,277.70001220703125,157.9728546142578,14.053017616271973,77.78091430664062,123.04000091552734
239,08/31/2022,84.87000274658203,150.80291748046875,109.1500015258789,223.55999755859375,16.45758819580078,275.6099853515625,156.2928009033203,13.862007141113281,77.65229797363281,122.55999755859375
240,09/01/2022,82.33000183105469,139.24342346191406,110.55000305175781,230.0399932861328,16.420055389404297,277.1600036621094,157.02845764160156,13.816527366638184,77.71166229248047,120.72000122070312
241,09/02/2022,80.23999786376953,136.3460693359375,108.68000030517578,226.11000061035156,16.129186630249023,270.2099914550781,154.89111328125,13.789238929748535,76.70254516601562,118.62999725341797
242,09/06/2022,78.72000122070312,134.5277099609375,107.4800033569336,218.38999938964844,15.753872871398926,274.4200134277344,153.61868286132812,13.67099380493164,76.01990509033203,119.52999877929688
243,09/07/2022,79.61000061035156,137.05616760253906,110.4800033569336,228.9600067138672,15.828934669494629,283.70001220703125,155.0402374267578,14.03482723236084,76.89051818847656,120.58000183105469
244,09/08/2022,82.77999877929688,139.81446838378906,109.41999816894531,227.44000244140625,15.735105514526367,289.260009765625,153.54910278320312,14.071209907531738,76.56404113769531,120.58000183105469
245,09/09/2022,85.44999694824219,143.7820281982422,111.77999877929688,233.57000732421875,15.9790620803833,299.67999267578125,156.44192504882812,14.025731086730957,77.67208862304688,127.77999877929688
246,09/12/2022,84.63999938964844,144.96133422851562,111.87000274658203,236.52999877929688,16.307458877563477,304.4200134277344,162.46617126464844,14.134880065917969,77.296142578125,129.5399932861328
247,09/13/2022,77.02999877929688,131.229736328125,105.30999755859375,218.1300048828125,15.791402816772461,292.1300048828125,152.9327392578125,13.40721607208252,75.94076538085938,127.0199966430664
248,09/14/2022,77.44999694824219,131.19973754882812,105.87000274658203,224.1199951171875,15.735105514526367,302.6099853515625,154.39405822753906,13.33444881439209,75.782470703125,128.16000366210938
249,09/15/2022,76.66000366210938,129.21095275878906,103.9000015258789,235.3800048828125,15.725722312927246,303.75,151.47140502929688,13.543652534484863,76.01001739501953,128.42999267578125
250,09/16/2022,76.51000213623047,131.89932250976562,103.62999725341797,240.1300048828125,15.706955909729004,303.3500061035156,149.81126403808594,13.389023780822754,75.20865631103516,124.19000244140625
251,09/19/2022,76.7699966430664,133.73822021484375,103.8499984741211,243.6300048828125,15.725722312927246,309.07000732421875,153.56895446777344,13.580037117004395,75.1295166015625,125.08000183105469
252,09/20/2022,75.25,131.67945861816406,101.83000183105469,242.85000610351562,15.538064002990723,308.7300109863281,155.97470092773438,11.906408309936523,74.23912048339844,121.69000244140625
253,09/21/2022,74.4800033569336,132.5289306640625,100.01000213623047,236.8699951171875,15.24719524383545,300.79998779296875,152.81344604492188,11.870024681091309,74.5161361694336,117.91999816894531
254,09/22/2022,69.5,125.53321838378906,100.56999969482422,237.0500030517578,15.237812042236328,288.5899963378906,151.83921813964844,11.61534309387207,76.20787811279297,114.73999786376953
255,09/23/2022,67.95999908447266,125.08350372314453,99.16999816894531,226.41000366210938,15.022005081176758,275.3299865722656,149.5428466796875,11.196935653686523,74.15007781982422,110.36000061035156
256,09/26/2022,66.30000305175781,122.20525360107422,98.80999755859375,224.07000732421875,14.702986717224121,276.010009765625,149.88084411621094,10.905869483947754,73.53669738769531,109.56999969482422
257,09/27/2022,67.16999816894531,124.05411529541016,98.08999633789062,224.36000061035156,14.759284019470215,282.94000244140625,150.86502075195312,10.83310317993164,74.06104278564453,109.9000015258789
258,09/28/2022,68.36000061035156,127.28215026855469,100.73999786376953,245.1999969482422,14.853113174438477,287.80999755859375,148.95632934570312,11.078690528869629,74.58538818359375,114.19000244140625
259,09/29/2022,64.13999938964844,122.12530517578125,98.08999633789062,239.7100067138672,14.571627616882324,268.2099914550781,141.63973999023438,10.43288803100586,74.07093811035156,108.58000183105469
260,09/30/2022,63.36000061035156,121.31580352783203,96.1500015258789,235.44000244140625,14.393352508544922,265.25,137.3849639892578,10.187301635742188,73.54658508300781,109.0
261,10/03/2022,66.11000061035156,125.04351806640625,99.30000305175781,239.0399932861328,14.918792724609375,242.39999389648438,141.6099090576172,10.43288803100586,73.56637573242188,113.36000061035156
262,10/04/2022,67.9000015258789,131.58950805664062,102.41000366210938,240.74000549316406,15.097068786621094,249.44000244140625,145.23838806152344,11.242414474487305,74.19954681396484,116.58999633789062
263,10/05/2022,67.94000244140625,132.00924682617188,102.22000122070312,236.72999572753906,14.946942329406738,240.80999755859375,145.53660583496094,11.378851890563965,73.31904602050781,117.30000305175781
264,10/06/2022,67.8499984741211,131.21974182128906,102.23999786376953,240.02000427246094,14.629897117614746,238.1300048828125,144.5723419189453,11.242414474487305,73.04203796386719,121.37999725341797
265,10/07/2022,58.439998626708984,120.6861801147461,99.56999969482422,224.75,14.267014503479004,223.07000732421875,139.26382446289062,11.096880912780762,72.56715393066406,120.7300033569336
266,10/10/2022,57.810001373291016,116.62865447998047,98.70999908447266,229.97999572753906,14.2288179397583,222.9600067138672,139.5918731689453,10.332833290100098,72.962890625,117.93000030517578
267,10/11/2022,57.630001068115234,115.78917694091797,98.05000305175781,214.2899932861328,14.142870903015137,216.5,138.16038513183594,10.514750480651855,72.76502990722656,115.08999633789062
268,10/12/2022,57.849998474121094,114.92969512939453,98.30000305175781,220.8699951171875,13.970979690551758,217.24000549316406,137.52413940429688,10.49655818939209,72.71556091308594,116.55000305175781
269,10/13/2022,58.939998626708984,119.52688598632812,99.70999908447266,232.50999450683594,14.438907623291016,221.72000122070312,142.146728515625,10.705761909484863,72.33961486816406,118.86000061035156
270,10/14/2022,55.939998626708984,112.20137023925781,97.18000030517578,230.0,14.314763069152832,204.99000549316406,137.5639190673828,10.6148042678833,71.36017608642578,117.81999969482422
271,10/17/2022,57.959999084472656,118.80732727050781,100.77999877929688,245.10000610351562,14.620348930358887,219.35000610351562,141.57015991210938,10.760335922241211,70.99413299560547,117.88999938964844
272,10/18/2022,57.91999816894531,119.59684753417969,101.38999938964844,240.86000061035156,14.897284507751465,220.19000244140625,142.90225219726562,10.942253112792969,71.4887924194336,121.29000091552734
273,10/19/2022,57.22999954223633,120.43634033203125,100.29000091552734,272.3800048828125,14.839986801147461,222.0399932861328,143.01161193847656,11.033211708068848,71.43932342529297,122.5
274,10/20/2022,57.77000045776367,121.86546325683594,100.52999877929688,268.1600036621094,15.985932350158691,207.27999877929688,142.5443572998047,10.705761909484863,72.52758026123047,123.88999938964844
275,10/21/2022,58.81999969482422,124.58379364013672,101.4800033569336,289.57000732421875,16.3297176361084,214.44000244140625,146.40150451660156,11.087785720825195,71.93399047851562,125.55000305175781
276,10/24/2022,58.70000076293945,125.91297912597656,102.97000122070312,282.45001220703125,16.721248626708984,211.25,148.56863403320312,11.351563453674316,71.73612213134766,123.11000061035156
277,10/25/2022,61.470001220703125,132.5289306640625,104.93000030517578,291.0199890136719,16.893138885498047,222.4199981689453,151.44158935546875,11.669917106628418,71.72622680664062,125.02999877929688
278,10/26/2022,59.72999954223633,128.88116455078125,94.81999969482422,298.6199951171875,17.32286834716797,224.63999938964844,148.46923828125,11.660820960998535,71.7064437866211,123.62000274658203
279,10/27/2022,58.599998474121094,131.67945861816406,92.5999984741211,296.94000244140625,17.217823028564453,225.08999633789062,143.94606018066406,11.824545860290527,71.72622680664062,122.73999786376953
280,10/28/2022,62.0099983215332,138.25543212890625,96.58000183105469,295.7200012207031,17.647552490234375,228.52000427246094,154.82154846191406,12.06103801727295,72.07249450683594,124.0199966430664
281,10/31/2022,60.060001373291016,134.88748168945312,94.66000366210938,291.8800048828125,17.408815383911133,227.5399932861328,152.43568420410156,12.161090850830078,72.02303314208984,118.4800033569336
282,11/01/2022,59.65999984741211,135.3472137451172,90.5,286.75,17.523408889770508,227.82000732421875,149.76153564453125,12.18837833404541,72.52758026123047,116.30999755859375
283,11/02/2022,58.630001068115234,132.10919189453125,87.06999969482422,273.0,17.59980583190918,214.97999572753906,144.17469787597656,11.879121780395508,71.88452911376953,113.55000305175781
284,11/03/2022,60.11000061035156,134.1279754638672,83.48999786376953,269.05999755859375,17.351516723632812,215.30999755859375,138.0609893798828,12.06103801727295,71.13263702392578,111.30000305175781
285,11/04/2022,62.189998626708984,141.4734649658203,86.69999694824219,260.7900085449219,17.49475860595703,207.47000122070312,137.79212951660156,12.288433074951172,71.1919937133789,108.52999877929688
286,11/07/2022,63.08000183105469,142.92257690429688,88.6500015258789,258.6000061035156,17.532958984375,197.0800018310547,138.32981872558594,12.461252212524414,70.34117126464844,108.4000015258789
287,11/08/2022,63.849998474121094,145.9307403564453,88.91000366210938,263.4599914550781,17.733497619628906,191.3000030517578,138.90736389160156,12.479443550109863,71.2315673828125,93.56999969482422
288,11/09/2022,59.91999816894531,137.67578125,87.4000015258789,254.66000366210938,17.55205726623535,177.58999633789062,134.29702758789062,12.10651683807373,70.89519500732422,94.08999633789062
289,11/10/2022,68.47000122070312,157.4037322998047,94.16999816894531,274.9700012207031,17.991336822509766,190.72000122070312,146.24603271484375,12.897851943969727,72.83428192138672,98.56999969482422
290,11/11/2022,72.37000274658203,163.17019653320312,96.7300033569336,290.1300048828125,18.191877365112305,195.97000122070312,149.06402587890625,13.18891716003418,73.34872436523438,102.25
291,11/14/2022,73.52999877929688,162.8503875732422,96.02999877929688,299.2699890136719,18.201425552368164,190.9499969482422,147.65005493164062,12.922381401062012,73.17064666748047,99.87999725341797
292,11/15/2022,76.37000274658203,166.55812072753906,98.72000122070312,310.20001220703125,18.163227081298828,194.4199981689453,149.40257263183594,13.142962455749512,73.09149932861328,101.02999877929688
293,11/16/2022,72.69999694824219,159.00274658203125,98.98999786376953,306.0199890136719,18.07728385925293,186.9199981689453,148.1578826904297,12.775325775146484,73.55648040771484,100.80999755859375
294,11/17/2022,73.9000015258789,156.67417907714844,98.5,295.2799987792969,18.09638023376465,183.1699981689453,150.07968139648438,12.784517288208008,73.02224731445312,99.66000366210938
295,11/18/2022,73.56999969482422,153.99578857421875,97.80000305175781,287.9800109863281,18.115480422973633,180.19000244140625,150.6472625732422,12.858044624328613,73.30915069580078,98.7699966430664
296,11/21/2022,72.45999908447266,153.0763702392578,95.83000183105469,285.04998779296875,17.991336822509766,167.8699951171875,147.38121032714844,12.821281433105469,74.0016860961914,97.43000030517578
297,11/22/2022,75.25,160.28195190429688,97.33000183105469,286.69000244140625,18.144128799438477,169.91000366210938,149.54197692871094,12.931571960449219,75.07015228271484,100.29000091552734
298,11/23/2022,76.4000015258789,165.08901977539062,98.81999969482422,291.5,18.23007583618164,183.1999969482422,150.42820739746094,12.894806861877441,75.77257537841797,103.1500015258789
299,11/25/2022,75.13999938964844,162.60055541992188,97.5999984741211,285.5400085449219,18.258724212646484,182.86000061035156,147.4807891845703,12.940762519836426,72.68588256835938,102.62999725341797
300,11/28/2022,73.19000244140625,158.1732635498047,96.25,281.1700134277344,17.97223663330078,182.9199981689453,143.60731506347656,12.619081497192383,73.92253875732422,101.26000213623047
301,11/29/2022,73.38999938964844,156.29440307617188,95.44000244140625,280.9599914550781,18.15367889404297,180.8300018310547,140.5702667236328,12.637463569641113,73.54658508300781,101.3499984741211
302,11/30/2022,77.62999725341797,169.16981506347656,101.44999694824219,305.5299987792969,18.411516189575195,194.6999969482422,147.401123046875,12.775325775146484,73.16075134277344,105.69000244140625
303,12/01/2022,77.4800033569336,171.2890625,101.27999877929688,316.95001220703125,18.325571060180664,194.6999969482422,147.679931640625,12.940762519836426,74.38751983642578,106.4000015258789
304,12/02/2022,74.9800033569336,168.69998168945312,100.83000183105469,320.4100036621094,18.163227081298828,194.86000061035156,147.18206787109375,12.738563537597656,74.9514389038086,108.76000213623047
305,12/05/2022,73.62000274658203,166.0409393310547,99.87000274658203,312.5899963378906,17.905391693115234,182.4499969482422,146.007080078125,12.29740047454834,75.5153579711914,106.9800033569336
306,12/06/2022,70.2699966430664,159.81314086914062,97.30999755859375,305.55999755859375,18.30647087097168,179.82000732421875,142.30287170410156,12.205491065979004,75.29769897460938,101.2699966430664
307,12/07/2022,70.13999938964844,161.14266967773438,95.1500015258789,308.4200134277344,18.430614471435547,174.0399932861328,140.34124755859375,12.040056228637695,75.11962127685547,99.48999786376953
308,12/08/2022,70.47000122070312,171.6289520263672,93.94999694824219,310.260009765625,18.258724212646484,173.44000244140625,142.04397583007812,12.058438301086426,73.96211242675781,100.79000091552734
309,12/09/2022,68.58999633789062,169.94952392578125,93.06999969482422,320.010009765625,18.23007583618164,179.0500030517578,141.55606079101562,12.1135835647583,74.35784149169922,102.05999755859375
310,12/12/2022,70.66999816894531,175.2876434326172,93.55999755859375,315.17999267578125,18.430614471435547,167.82000732421875,143.87615966796875,12.370927810668945,76.53436279296875,102.61000061035156
311,12/13/2022,71.6500015258789,180.6557159423828,95.8499984741211,320.3399963378906,18.258724212646484,160.9499969482422,144.8520050048828,12.472027778625488,75.91108703613281,104.55000305175781
312,12/14/2022,68.93000030517578,176.67713928222656,95.30999755859375,317.8299865722656,18.048633575439453,156.8000030517578,142.6016082763672,12.38930892944336,76.2177734375,104.80999755859375
313,12/15/2022,66.52999877929688,169.459716796875,91.19999694824219,290.4100036621094,17.638002395629883,157.6699981689453,135.92010498046875,11.975719451904297,75.554931640625,101.66000366210938
314,12/16/2022,65.41000366210938,165.6510772705078,90.86000061035156,290.7099914550781,17.657102584838867,150.22999572753906,133.93856811523438,11.139348983764648,75.26802062988281,100.76000213623047
315,12/19/2022,64.58999633789062,162.48219299316406,89.1500015258789,288.29998779296875,17.05548095703125,149.8699951171875,131.80763244628906,10.744141578674316,75.1789779663086,98.58999633789062
316,12/20/2022,65.05000305175781,160.7928009033203,89.62999725341797,288.19000244140625,17.25602149963379,137.8000030517578,131.73794555664062,10.541942596435547,75.07015228271484,98.11000061035156
317,12/21/2022,67.68000030517578,164.95130920410156,90.25,297.9599914550781,17.33241844177246,137.57000732421875,134.87457275390625,10.826859474182129,75.08004760742188,99.87999725341797
318,12/22/2022,63.86000061035156,153.33544921875,88.26000213623047,297.75,17.44701385498047,125.3499984741211,131.66824340820312,10.394888877868652,74.89207458496094,99.2699966430664
319,12/23/2022,64.5199966430664,152.00592041015625,89.80999755859375,294.9599914550781,17.485210418701172,123.1500015258789,131.29981994628906,10.440841674804688,75.139404296875,99.83000183105469
320,12/27/2022,63.27000045776367,141.1597900390625,87.93000030517578,284.1700134277344,17.62845230102539,109.0999984741211,129.4775848388672,10.29378890991211,74.98111724853516,99.37999725341797
321,12/28/2022,62.56999969482422,140.31007385253906,86.45999908447266,276.8800048828125,17.399263381958008,112.70999908447266,125.5045394897461,10.064016342163086,75.23834228515625,99.69000244140625
322,12/29/2022,64.81999969482422,145.9780731201172,88.94999694824219,291.1199951171875,17.618906021118164,121.81999969482422,129.0593719482422,10.606278419494629,75.94076538085938,101.33999633789062
323,12/30/2022,64.7699966430664,146.08802795410156,88.7300033569336,294.8800048828125,17.580705642700195,123.18000030517578,129.3780059814453,10.688997268676758,75.7330093383789,104.12999725341797
324,01/03/2023,64.0199966430664,143.0990753173828,89.69999694824219,294.95001220703125,17.895841598510742,108.0999984741211,124.53865814208984,10.73495101928711,76.05947875976562,103.11000061035156
325,01/04/2023,64.66000366210938,147.43756103515625,88.70999908447266,309.4100036621094,18.277820587158203,113.63999938964844,125.82318878173828,11.038249969482422,76.01990509033203,106.7699966430664
326,01/05/2023,62.33000183105469,142.59927368164062,86.7699966430664,309.70001220703125,18.344667434692383,110.33999633789062,124.48887634277344,11.258831977844238,76.13862609863281,105.95999908447266
327,01/06/2023,63.959999084472656,148.5371551513672,88.16000366210938,315.54998779296875,18.65025520324707,113.05999755859375,129.0693359375,11.56213092803955,76.76190185546875,104.75
328,01/09/2023,67.23999786376953,156.2244110107422,88.80000305175781,315.1700134277344,18.444881439208984,119.7699966430664,129.59707641601562,11.663229942321777,76.39585876464844,105.0999984741211
329,01/10/2023,68.05000305175781,159.03341674804688,89.23999786376953,327.5400085449219,18.861440658569336,118.8499984741211,130.17462158203125,11.801093101501465,76.86083984375,105.52999877929688
330,01/11/2023,69.05999755859375,159.95309448242188,92.26000213623047,327.260009765625,18.803316116333008,123.22000122070312,132.9228973388672,12.150346755981445,76.1781997680664,105.26000213623047
331,01/12/2023,70.80000305175781,165.05128479003906,91.91000366210938,330.1300048828125,18.803316116333008,123.55999755859375,132.84323120117188,12.343356132507324,76.07926940917969,104.29000091552734
332,01/13/2023,71.0,168.92991638183594,92.80000305175781,332.82000732421875,18.93893814086914,122.4000015258789,134.1875,11.690802574157715,75.84183502197266,105.02999877929688
333,01/17/2023,71.58999633789062,176.95704650878906,92.16000366210938,326.2200012207031,18.725814819335938,131.49000549316406,135.36248779296875,11.644848823547363,73.76424407958984,104.54000091552734
334,01/18/2023,70.52999877929688,173.7082061767578,91.77999877929688,326.3299865722656,18.425506591796875,128.77999877929688,134.63558959960938,11.405884742736816,73.68510437011719,103.22000122070312
335,01/19/2023,67.70999908447266,167.5903778076172,93.91000366210938,315.7799987792969,18.348007202148438,127.16999816894531,134.69534301757812,11.19449520111084,72.97278594970703,102.26000213623047
336,01/20/2023,70.06999969482422,178.32655334472656,99.27999877929688,342.5,18.62894058227539,133.4199981689453,137.28428649902344,11.39669418334961,73.05192565917969,106.58999633789062
337,01/23/2023,76.52999877929688,191.86172485351562,101.20999908447266,357.4200134277344,18.503005981445312,143.75,140.51051330566406,11.76432991027832,74.41719818115234,110.66999816894531
338,01/24/2023,74.69999694824219,192.58148193359375,99.20999908447266,363.8299865722656,18.56113052368164,143.88999938964844,141.9244842529297,11.709183692932129,74.3083724975586,111.2699966430664
339,01/25/2023,74.91000366210938,193.16128540039062,96.7300033569336,367.9599914550781,19.781747817993164,144.42999267578125,141.25732421875,11.755138397216797,73.84339141845703,110.69999694824219
340,01/26/2023,75.16000366210938,197.9495849609375,99.16000366210938,364.8699951171875,19.374874114990234,160.27000427246094,143.34841918945312,11.87462043762207,74.79314422607422,111.88999938964844
341,01/27/2023,75.4000015258789,203.57757568359375,100.70999908447266,360.7699890136719,19.326438903808594,177.89999389648438,145.31002807617188,12.196301460266113,75.79236602783203,114.27999877929688
342,01/30/2023,72.44999694824219,191.55186462402344,97.94999694824219,353.1099853515625,19.52987289428711,166.66000366210938,142.3925018310547,11.84704875946045,75.14929962158203,112.66000366210938
343,01/31/2023,75.1500015258789,195.30050659179688,99.87000274658203,353.8599853515625,19.733308792114258,173.22000122070312,143.677001953125,12.41688346862793,75.75279235839844,113.2300033569336
344,02/01/2023,84.63999938964844,209.35552978515625,101.43000030517578,361.989990234375,19.54924774169922,181.41000366210938,144.81214904785156,12.674226760864258,75.88140106201172,112.25
345,02/02/2023,88.30999755859375,217.01278686523438,108.80000305175781,366.8900146484375,19.6461238861084,188.27000427246094,150.17926025390625,13.161343574523926,76.28703308105469,114.72000122070312
346,02/03/2023,86.08999633789062,210.92495727539062,105.22000122070312,365.8999938964844,19.210187911987305,189.97999572753906,153.8436279296875,12.159537315368652,74.43698120117188,109.27999877929688
347,02/06/2023,83.68000030517578,210.81500244140625,103.47000122070312,361.4800109863281,18.968000411987305,194.75999450683594,151.0854034423828,12.076820373535156,70.81604766845703,105.55999755859375
348,02/07/2023,85.91000366210938,221.65113830566406,108.04000091552734,362.95001220703125,18.648317337036133,196.80999755859375,153.9929962158203,12.361737251281738,74.79314422607422,113.8499984741211
349,02/08/2023,84.69000244140625,221.9710235595703,100.0,366.8299865722656,18.56113052368164,201.2899932861328,151.27459716796875,12.3341646194458,72.11206817626953,110.44999694824219
350,02/09/2023,83.20999908447266,223.29055786132812,95.45999908447266,362.5,18.37706756591797,207.32000732421875,150.2290496826172,12.398500442504883,74.45677185058594,110.87999725341797
351,02/10/2023,81.4800033569336,212.57437133789062,94.86000061035156,347.3599853515625,18.47394371032715,196.88999938964844,150.59803771972656,12.437581062316895,74.64474487304688,111.0999984741211
352,02/13/2023,83.12999725341797,217.8025360107422,95.0,358.57000732421875,18.658004760742188,194.63999938964844,153.43031311035156,12.789312362670898,75.77257537841797,111.37999725341797
353,02/14/2023,85.94999694824219,229.62831115722656,94.94999694824219,359.9599914550781,18.551441192626953,209.25,152.78207397460938,12.67206859588623,75.9605484008789,112.08999633789062
354,02/15/2023,85.18000030517578,227.5590362548828,97.0999984741211,361.4200134277344,18.648317337036133,214.24000549316406,154.90626525878906,12.632987976074219,76.8707275390625,115.94999694824219
355,02/16/2023,80.08000183105469,219.94175720214844,95.77999877929688,350.7099914550781,18.658004760742188,202.0399932861328,153.2906951904297,12.613446235656738,76.6827621459961,112.5199966430664
356,02/17/2023,78.5,213.803955078125,94.58999633789062,347.9599914550781,18.832378387451172,208.30999755859375,152.13385009765625,12.59390640258789,76.74211883544922,112.51000213623047
357,02/21/2023,76.7699966430664,206.47654724121094,92.05000305175781,337.5,18.60956573486328,197.3699951171875,148.074951171875,11.919755935668945,76.1781997680664,112.0199966430664
358,02/22/2023,76.61000061035156,207.46620178222656,91.80000305175781,334.8800048828125,18.774253845214844,200.86000061035156,148.5037841796875,11.929526329040527,76.29692840576172,111.23999786376953
359,02/23/2023,79.75,236.55584716796875,91.06999969482422,323.6499938964844,18.74519157409668,202.07000732421875,148.992431640625,11.792742729187012,76.24745178222656,110.37000274658203
360,02/24/2023,78.08999633789062,232.77719116210938,89.3499984741211,317.1499938964844,18.638628005981445,196.8800048828125,146.30978393554688,11.60710620880127,76.0001220703125,109.30000305175781
361,02/27/2023,78.7699966430664,234.92640686035156,90.0999984741211,323.0299987792969,18.43519401550293,207.6300048828125,147.5164794921875,11.78297233581543,75.92097473144531,110.08000183105469
362,02/28/2023,78.58000183105469,232.07745361328125,90.30000305175781,322.1300048828125,18.318944931030273,205.7100067138672,147.00787353515625,11.792742729187012,75.43621063232422,109.55000305175781
363,03/01/2023,78.29000091552734,226.89927673339844,90.51000213623047,313.4800109863281,18.076757431030273,202.77000427246094,144.91358947753906,12.036999702453613,74.911865234375,108.69999694824219
364,03/02/2023,80.44000244140625,233.05709838867188,92.30999755859375,311.8800048828125,18.076757431030273,190.89999389648438,145.511962890625,12.261716842651367,76.88062286376953,115.27999877929688
365,03/03/2023,81.5199966430664,238.81503295898438,94.0199966430664,315.17999267578125,18.222068786621094,197.7899932861328,150.6179962158203,12.779541015625,78.54269409179688,116.69999694824219
366,03/06/2023,81.16000366210938,235.45623779296875,95.58000183105469,312.0299987792969,18.183320999145508,193.80999755859375,153.4103546142578,12.681838035583496,78.7801284790039,115.70999908447266
367,03/07/2023,82.11000061035156,232.83673095703125,94.16999816894531,308.4700012207031,18.125194549560547,187.7100067138672,151.1864471435547,12.535284042358398,78.4140853881836,116.87999725341797
368,03/08/2023,85.37000274658203,241.7650604248047,94.6500015258789,311.7900085449219,18.028322219848633,182.0,152.45297241210938,12.681838035583496,78.6317367553711,116.30999755859375
369,03/09/2023,84.02999877929688,234.3164520263672,92.66000366210938,297.7799987792969,17.747385025024414,172.9199981689453,150.17918395996094,12.164012908935547,77.53358459472656,112.95999908447266
370,03/10/2023,82.66999816894531,229.60731506347656,91.01000213623047,292.760009765625,17.85394859313965,173.44000244140625,148.0948944091797,11.822053909301758,77.13784790039062,110.58000183105469
371,03/13/2023,82.01000213623047,229.61732482910156,91.66000366210938,293.510009765625,17.728010177612305,174.47999572753906,150.0595245361328,11.753661155700684,77.30603790283203,111.33000183105469
372,03/14/2023,87.44999694824219,240.5852813720703,94.25,294.94000244140625,17.86363410949707,183.25999450683594,152.17373657226562,11.65595817565918,78.24589538574219,113.80999755859375
373,03/15/2023,89.68000030517578,242.23497009277344,96.55000305175781,303.7900085449219,17.73769760131836,180.4499969482422,152.57266235351562,11.441011428833008,78.4140853881836,113.30999755859375
374,03/16/2023,96.5999984741211,255.36253356933594,101.06999969482422,310.05999755859375,17.815196990966797,184.1300048828125,155.4248504638672,11.548483848571777,79.017578125,115.55000305175781
375,03/17/2023,97.83999633789062,257.20220947265625,102.45999908447266,303.5,17.563322067260742,180.1300048828125,154.57716369628906,11.04042911529541,78.14696502685547,116.27999877929688
376,03/20/2023,96.80999755859375,258.9518737792969,101.93000030517578,305.1300048828125,17.912071228027344,183.25,156.97061157226562,10.923186302185059,78.49322509765625,116.30999755859375
377,03/21/2023,95.93000030517578,261.9413146972656,105.83999633789062,305.7900085449219,17.960508346557617,197.5800018310547,158.84547424316406,11.450782775878906,78.89884948730469,118.58999633789062
378,03/22/2023,97.58000183105469,264.6308288574219,104.22000122070312,293.8999938964844,17.815196990966797,191.14999389648438,157.39944458007812,11.216294288635254,77.80069732666016,113.55999755859375
379,03/23/2023,100.27999877929688,271.8594665527344,106.26000213623047,320.3699951171875,17.88300895690918,192.22000122070312,158.49642944335938,11.157672882080078,78.82959747314453,117.4800033569336
380,03/24/2023,97.94999694824219,267.740234375,106.05999755859375,328.3900146484375,18.028322219848633,190.41000366210938,159.81285095214844,11.245606422424316,83.48933410644531,118.12000274658203
381,03/27/2023,96.61000061035156,265.26068115234375,103.05999755859375,327.6600036621094,18.280195236206055,191.80999755859375,157.8482208251953,11.255376815795898,83.42997741699219,116.9800033569336
382,03/28/2023,94.55999755859375,264.0509338378906,101.36000061035156,323.5199890136719,18.1348819732666,189.19000244140625,157.2199249267578,11.333539009094238,83.44976043701172,115.55000305175781
383,03/29/2023,96.08999633789062,269.78985595703125,101.9000015258789,332.0299987792969,18.406131744384766,193.8800048828125,160.33143615722656,11.773201942443848,83.63773345947266,116.66999816894531
384,03/30/2023,97.87999725341797,273.77911376953125,101.31999969482422,338.42999267578125,18.48362922668457,195.27999877929688,161.91709899902344,12.007688522338867,83.98399353027344,116.58999633789062
385,03/31/2023,98.01000213623047,277.7183532714844,104.0,345.4800109863281,18.648317337036133,207.4600067138672,164.4501495361328,12.310567855834961,84.67652130126953,119.30000305175781
386,04/03/2023,96.55999755859375,279.5980224609375,104.91000366210938,348.2799987792969,18.783939361572266,194.77000427246094,165.71669006347656,12.3887300491333,84.41930389404297,118.69000244140625
387,04/04/2023,95.87000274658203,274.4789733886719,105.12000274658203,346.75,19.026126861572266,192.5800018310547,165.1781768798828,12.427811622619629,84.20164489746094,121.63999938964844
388,04/05/2023,92.55999755859375,268.7600402832031,104.94999694824219,342.3500061035156,19.258625030517578,185.52000427246094,163.31326293945312,12.1444730758667,84.46876525878906,120.9800033569336
389,04/06/2023,92.47000122070312,270.3197326660156,108.9000015258789,339.3299865722656,19.305784225463867,185.05999755859375,164.2108154296875,12.046770095825195,84.31047821044922,119.0
390,04/10/2023,95.4800033569336,275.73876953125,106.94999694824219,338.989990234375,19.22718620300293,184.50999450683594,161.58798217773438,12.427811622619629,84.56770324707031,121.04000091552734
391,04/11/2023,94.02999877929688,271.6395263671875,106.12000274658203,338.2099914550781,19.34508514404297,186.7899932861328,160.36134338378906,12.574365615844727,84.18185424804688,120.38999938964844
392,04/12/2023,92.33000183105469,264.9007873535156,105.22000122070312,331.0299987792969,19.423683166503906,180.5399932861328,159.6632537841797,12.378959655761719,84.04335021972656,119.68000030517578
393,04/13/2023,92.08999633789062,264.5808410644531,108.19000244140625,346.19000244140625,19.610353469848633,185.89999389648438,165.1083526611328,12.173783302307129,84.66663360595703,122.01000213623047
394,04/14/2023,91.75,267.5302734375,109.45999908447266,338.6300048828125,19.58087921142578,185.0,164.7593231201172,12.232405662536621,84.35993957519531,123.06999969482422
395,04/17/2023,89.87000274658203,269.96978759765625,106.41999816894531,332.7200012207031,19.44333267211914,187.0399932861328,164.7792510986328,12.3887300491333,84.58748626708984,124.37999725341797
396,04/18/2023,89.77999877929688,276.61859130859375,105.12000274658203,333.70001220703125,19.472806930541992,184.30999755859375,166.01588439941406,12.437581062316895,84.63695526123047,124.30999755859375
397,04/19/2023,89.94000244140625,279.2580871582031,105.0199966430664,323.1199951171875,19.354909896850586,180.58999633789062,167.1727294921875,11.93929672241211,84.58748626708984,123.3499984741211
398,04/20/2023,90.11000061035156,270.9896240234375,105.9000015258789,325.3500061035156,17.340818405151367,162.99000549316406,166.19537353515625,11.597336769104004,84.65673828125,125.13999938964844
399,04/21/2023,88.43000030517578,271.13958740234375,105.91000366210938,327.9800109863281,17.900833129882812,165.0800018310547,164.56983947753906,11.538715362548828,84.6171646118164,124.98999786376953
400,04/24/2023,87.56999969482422,270.3697509765625,106.77999877929688,329.0199890136719,17.22292137145996,162.5500030517578,164.8789825439453,11.880674362182617,85.17118835449219,127.79000091552734
401,04/25/2023,83.80000305175781,262.3612365722656,104.61000061035156,322.54998779296875,17.203271865844727,160.6699981689453,163.3232421875,11.64326000213623,85.81424713134766,127.01000213623047
402,04/26/2023,85.94000244140625,269.5098876953125,104.44999694824219,321.1499938964844,16.89870262145996,153.75,163.31326293945312,11.415736198425293,75.99022674560547,121.5999984741211
403,04/27/2023,87.44000244140625,272.20941162109375,108.37000274658203,325.8500061035156,17.30152130126953,160.19000244140625,167.95059204101562,11.484981536865234,76.78169250488281,123.94999694824219
404,04/28/2023,89.37000274658203,277.43841552734375,108.22000122070312,329.92999267578125,17.360469818115234,164.30999755859375,169.2171173095703,11.7520751953125,76.88062286376953,124.29000091552734
405,05/01/2023,89.69000244140625,289.0462951660156,107.70999908447266,324.1199951171875,17.19344711303711,161.8300018310547,169.1273651123047,11.930136680603027,76.6036148071289,124.13999938964844
406,05/02/2023,89.91000366210938,282.047607421875,105.9800033569336,317.54998779296875,16.770978927612305,160.30999755859375,168.08021545410156,11.67293643951416,75.18887329101562,121.62000274658203
407,05/03/2023,81.62000274658203,277.96832275390625,106.12000274658203,319.29998779296875,16.79062843322754,160.61000061035156,166.99319458007812,11.663043975830078,74.42709350585938,122.13999938964844
408,05/04/2023,86.61000061035156,275.5687561035156,105.20999908447266,320.7799987792969,16.613780975341797,161.1999969482422,165.3377227783203,11.435521125793457,73.7939224243164,120.27999877929688
409,05/05/2023,89.83999633789062,286.7467041015625,106.21499633789062,322.760009765625,16.829927444458008,170.05999755859375,173.0965118408203,11.86089038848877,75.18887329101562,124.51000213623047
410,05/08/2023,95.04000091552734,291.4558410644531,108.23999786376953,331.2099914550781,16.820104598999023,171.7899932861328,173.0266876220703,11.890567779541016,74.74368286132812,125.69000244140625
411,05/09/2023,95.05999755859375,285.6568908691406,107.94000244140625,332.1400146484375,16.72185516357422,169.14999389648438,171.30142211914062,11.732290267944336,74.70410919189453,124.5999984741211
412,05/10/2023,97.0199966430664,288.79632568359375,112.27999877929688,335.4200134277344,16.741506576538086,168.5399932861328,173.08653259277344,11.761967658996582,75.18887329101562,124.73999786376953
413,05/11/2023,97.0999984741211,285.7268981933594,116.9000015258789,344.760009765625,16.662904739379883,172.0800018310547,173.27601623535156,11.742182731628418,76.2177734375,125.56999969482422
414,05/12/2023,95.26000213623047,283.3473205566406,117.91999816894531,339.8900146484375,16.731679916381836,167.97999572753906,172.3372802734375,11.544336318969727,76.54425811767578,125.26000213623047
415,05/15/2023,97.4000015258789,289.4761962890625,116.95999908447266,335.8900146484375,16.6530818939209,166.35000610351562,171.8379669189453,11.514659881591797,77.49401092529297,125.06999969482422
416,05/16/2023,101.4800033569336,292.0757141113281,120.08999633789062,333.75,16.24043846130371,166.52000427246094,171.8379669189453,11.12885856628418,76.94987487792969,124.05000305175781
417,05/17/2023,103.75,301.72393798828125,121.4800033569336,339.9599914550781,16.368160247802734,173.86000061035156,172.45712280273438,11.376166343688965,77.05870056152344,125.0199966430664
418,05/18/2023,107.93000030517578,316.72113037109375,123.5199966430664,371.2900085449219,16.260087966918945,176.88999938964844,174.81393432617188,11.514659881591797,77.35550689697266,139.6300048828125
419,05/19/2023,105.81999969482422,312.5819091796875,123.25,365.3599853515625,16.0242919921875,180.13999938964844,174.92379760742188,11.524551391601562,77.75122833251953,137.42999267578125
420,05/22/2023,108.0,311.70208740234375,125.87000274658203,363.010009765625,16.09306526184082,188.8699951171875,173.96507263183594,11.504766464233398,78.21621704101562,137.25
421,05/23/2023,108.12000274658203,306.8229675292969,123.29000091552734,355.989990234375,15.817971229553223,185.77000427246094,171.32864379882812,11.603689193725586,78.28546905517578,135.77999877929688
422,05/24/2023,108.2699966430664,305.3232727050781,121.63999938964844,364.8500061035156,15.670598030090332,182.89999389648438,171.60826110839844,11.20799732208252,76.97955322265625,135.83999633789062
423,05/25/2023,120.3499984741211,379.7294006347656,124.3499984741211,359.0,14.884612083435059,184.47000122070312,172.7567138671875,11.257458686828613,76.31671142578125,136.72999572753906
424,05/26/2023,127.02999877929688,389.3876037597656,125.43000030517578,378.8800048828125,15.22848129272461,193.1699981689453,175.19342041015625,11.959814071655273,77.82048797607422,138.97999572753906
425,05/30/2023,125.2699966430664,401.0354309082031,124.63999938964844,392.9800109863281,15.366029739379883,201.16000366210938,177.06089782714844,12.454429626464844,79.16596984863281,138.27999877929688
426,05/31/2023,118.20999908447266,378.2696838378906,123.37000274658203,395.2300109863281,15.454451560974121,203.92999267578125,177.01097106933594,11.870782852172852,79.34404754638672,137.72999572753906
427,06/01/2023,119.47000122070312,397.6261291503906,124.37000274658203,403.1300048828125,15.533051490783691,207.52000427246094,179.84713745117188,11.979598045349121,79.34404754638672,137.58999633789062
428,06/02/2023,117.86000061035156,393.1969299316406,125.2300033569336,400.4700012207031,14.943561553955078,213.97000122070312,180.7059783935547,12.256583213806152,79.6408462524414,137.52000427246094
429,06/05/2023,117.93000030517578,391.63720703125,126.62999725341797,403.5400085449219,15.12040901184082,217.61000061035156,179.33782958984375,12.454429626464844,79.97721862792969,136.72000122070312
430,06/06/2023,124.2300033569336,386.4681701660156,127.91000366210938,399.2900085449219,15.395503997802734,221.30999755859375,178.9683380126953,12.79076862335205,80.01679229736328,135.67999267578125
431,06/07/2023,117.83000183105469,374.7191162109375,122.94000244140625,399.7699890136719,15.817971229553223,224.57000732421875,177.5802001953125,13.4436616897583,79.6408462524414,132.25
432,06/08/2023,121.05000305175781,385.06829833984375,122.66999816894531,409.3699951171875,15.788496017456055,234.86000061035156,180.3264923095703,13.433769226074219,79.16596984863281,133.1199951171875
433,06/09/2023,124.91999816894531,387.6680908203125,122.87000274658203,420.0199890136719,15.670598030090332,244.39999389648438,180.71597290039062,13.592045783996582,79.52212524414062,134.02999877929688
434,06/12/2023,129.19000244140625,394.7874755859375,124.3499984741211,423.9700012207031,15.650949478149414,249.8300018310547,183.54214477539062,13.631614685058594,78.91863250732422,136.0
435,06/13/2023,124.52999877929688,410.18621826171875,124.43000030517578,435.7300109863281,15.542875289916992,258.7099914550781,183.0627899169922,13.9778470993042,79.83871459960938,136.47000122070312
436,06/14/2023,127.33000183105469,429.9345703125,124.37999725341797,440.8599853515625,15.562525749206543,256.7900085449219,183.70193481445312,14.04709243774414,80.3630599975586,136.6300048828125
437,06/15/2023,124.23999786376953,426.494873046875,125.79000091552734,445.2699890136719,15.749197959899902,255.89999389648438,185.7591552734375,14.294400215148926,80.58070373535156,137.1999969482422
438,06/16/2023,120.08000183105469,426.8848571777344,124.05999755859375,431.9599914550781,15.778671264648438,260.5400085449219,184.67062377929688,14.264723777770996,81.09516143798828,138.63999938964844
439,06/20/2023,118.93000030517578,438.0439147949219,123.8499984741211,434.70001220703125,15.503576278686523,274.45001220703125,184.760498046875,14.066877365112305,81.0160140991211,139.02999877929688
440,06/21/2023,112.11000061035156,430.41455078125,121.26000213623047,424.45001220703125,15.336554527282715,259.4599914550781,183.71192932128906,13.86903190612793,80.07615661621094,140.4600067138672
441,06/22/2023,110.69999694824219,430.2145690917969,123.87000274658203,422.4800109863281,15.307080268859863,264.6099853515625,186.74781799316406,14.037199974060059,81.42163848876953,141.17999267578125
442,06/23/2023,110.01000213623047,422.05523681640625,123.0199966430664,424.0199890136719,15.179357528686523,256.6000061035156,186.42823791503906,13.86903190612793,81.02590942382812,141.85000610351562
443,06/26/2023,107.51000213623047,406.2865295410156,119.08999633789062,415.94000244140625,15.35620403289795,241.0500030517578,185.02015686035156,13.958061218261719,82.50990295410156,143.50999450683594
444,06/27/2023,110.38999938964844,418.72552490234375,119.01000213623047,417.0799865722656,15.562525749206543,250.2100067138672,187.80638122558594,14.254831314086914,83.23210144042969,146.33999633789062
445,06/28/2023,110.16999816894531,411.1361389160156,121.08000183105469,429.8399963378906,15.503576278686523,256.239990234375,188.99478149414062,14.630739212036133,82.707763671875,145.97999572753906
446,06/29/2023,111.23999786376953,408.1863708496094,120.01000213623047,428.239990234375,15.700072288513184,257.5,189.33432006835938,14.789016723632812,82.19331359863281,145.47000122070312
447,06/30/2023,113.91000366210938,422.9851379394531,120.97000122070312,440.489990234375,15.670598030090332,261.7699890136719,193.7084197998047,14.96707820892334,83.40029907226562,147.16000366210938
448,07/03/2023,115.81999969482422,424.0950622558594,120.55999755859375,441.44000244140625,15.837621688842773,279.82000732421875,192.20046997070312,15.07589340209961,82.45053100585938,147.72999572753906
449,07/05/2023,113.94999694824219,423.1351623535156,122.62999725341797,445.8999938964844,15.788496017456055,282.4800109863281,191.0719757080078,15.184709548950195,81.98555755615234,145.0399932861328
450,07/06/2023,113.4800033569336,420.9953308105469,120.93000030517578,438.8399963378906,15.592000007629395,276.5400085449219,191.55133056640625,14.818693161010742,81.81736755371094,142.8800048828125
451,07/07/2023,113.16999816894531,424.9949951171875,120.13999938964844,438.1000061035156,15.609999656677246,274.42999267578125,190.4228515625,14.818693161010742,81.55024719238281,143.19000244140625
452,07/10/2023,113.58000183105469,421.7652282714844,116.87000274658203,441.7099914550781,15.270000457763672,269.6099853515625,188.35565185546875,14.907724380493164,81.81736755371094,143.94000244140625
453,07/11/2023,111.31999969482422,424.0150451660156,117.70999908447266,440.2099914550781,15.229999542236328,269.7900085449219,187.8263702392578,15.066000938415527,90.01889038085938,150.75
454,07/12/2023,114.58000183105469,438.98382568359375,119.62000274658203,444.04998779296875,15.119999885559082,271.989990234375,189.5140838623047,15.056109428405762,89.03945922851562,149.9199981689453
455,07/13/2023,115.91999816894531,459.73211669921875,124.83000183105469,450.3800048828125,15.119999885559082,277.8999938964844,190.2830352783203,15.026432037353516,88.58436584472656,149.2899932861328
456,07/14/2023,115.94000244140625,454.6525573730469,125.69999694824219,441.9100036621094,14.5,281.3800048828125,190.43284606933594,14.818693161010742,89.10871124267578,150.0
457,07/17/2023,118.31999969482422,464.57171630859375,125.05999755859375,450.04998779296875,13.529999732971191,290.3800048828125,193.7283935546875,13.938277244567871,92.21519470214844,152.7100067138672
458,07/18/2023,117.93000030517578,474.90087890625,124.08000183105469,474.79998779296875,13.449999809265137,293.3399963378906,193.46873474121094,14.017416000366211,91.75021362304688,153.5500030517578
459,07/19/2023,116.43000030517578,470.731201171875,122.77999877929688,477.5899963378906,14.59000015258789,291.260009765625,194.83689880371094,13.948169708251953,91.21597290039062,152.00999450683594
460,07/20/2023,110.25,455.1625061035156,119.52999877929688,437.4200134277344,14.65999984741211,262.8999938964844,192.8695526123047,13.878923416137695,91.30501556396484,151.63999938964844
461,07/21/2023,110.94999694824219,443.0534973144531,120.30999755859375,427.5,14.760000228881836,260.0199890136719,191.68116760253906,13.780000686645508,90.9290771484375,149.9600067138672
462,07/24/2023,110.61000061035156,446.083251953125,121.87999725341797,428.3699951171875,14.949999809265137,269.05999755859375,192.4900665283203,13.960000038146973,91.56224822998047,150.27999877929688
463,07/25/2023,113.0,456.75238037109375,122.79000091552734,427.70001220703125,14.800000190734863,265.2799987792969,193.35888671875,13.579999923706055,91.74032592773438,151.02999877929688
464,07/26/2023,110.08999633789062,454.4825439453125,129.66000366210938,422.6700134277344,14.890000343322754,264.3500061035156,194.23770141601562,13.670000076293945,91.68096160888672,150.25
465,07/27/2023,111.0999984741211,458.9621887207031,129.8699951171875,413.1700134277344,14.510000228881836,255.7100067138672,192.9594268798828,13.729999542236328,91.1566162109375,149.85000610351562
466,07/28/2023,112.95999908447266,467.46148681640625,133.00999450683594,425.7799987792969,14.449999809265137,266.44000244140625,195.56591796875,13.260000228881836,91.5424575805664,151.60000610351562
467,07/31/2023,114.4000015258789,467.25152587890625,133.11000061035156,438.9700012207031,14.520000457763672,267.42999267578125,196.18507385253906,13.210000038146973,91.77000427246094,152.94000244140625
468,08/01/2023,117.5999984741211,465.0317077636719,131.88999938964844,438.6199951171875,14.300000190734863,261.07000732421875,195.34620666503906,13.420000076293945,91.88999938964844,151.7899932861328
469,08/02/2023,109.3499984741211,442.6535339355469,128.63999938964844,429.70001220703125,14.350000381469727,254.11000061035156,192.32029724121094,13.039999961853027,91.62999725341797,147.22000122070312
470,08/03/2023,113.1500015258789,445.1133117675781,128.77000427246094,431.0,14.09000015258789,259.32000732421875,190.91220092773438,13.100000381469727,91.68000030517578,145.75
471,08/04/2023,115.81999969482422,446.76318359375,128.5399932861328,431.6000061035156,14.0,253.86000061035156,181.7445831298828,12.890000343322754,91.58000183105469,142.17999267578125
472,08/07/2023,116.80999755859375,454.1325988769531,131.94000244140625,440.760009765625,14.010000228881836,251.4499969482422,178.6088104248047,12.9399995803833,91.56999969482422,141.17999267578125
473,08/08/2023,113.2300033569336,446.60321044921875,131.83999633789062,438.29998779296875,14.180000305175781,249.6999969482422,179.55752563476562,12.880000114440918,91.58999633789062,140.13999938964844
474,08/09/2023,110.47000122070312,425.50494384765625,130.14999389648438,428.8999938964844,14.270000457763672,242.19000244140625,177.94970703125,12.729999542236328,91.44000244140625,139.39999389648438
475,08/10/2023,110.2300033569336,423.8450927734375,130.2100067138672,429.9800109863281,14.170000076293945,245.33999633789062,177.72999572753906,12.15999984741211,91.41999816894531,138.4600067138672
476,08/11/2023,107.56999969482422,408.5163269042969,130.1699981689453,421.6600036621094,14.369999885559082,242.64999389648438,177.7899932861328,12.140000343322754,91.20999908447266,140.1999969482422
477,08/14/2023,111.9800033569336,437.49395751953125,131.8300018310547,427.7799987792969,14.260000228881836,239.75999450683594,179.4600067138672,12.199999809265137,90.79000091552734,142.3800048828125
478,08/15/2023,111.3499984741211,439.3638000488281,130.27000427246094,423.70001220703125,14.140000343322754,232.9600067138672,177.4499969482422,11.979999542236328,90.91000366210938,139.50999450683594
479,08/16/2023,107.19000244140625,434.82415771484375,129.11000061035156,415.45001220703125,14.100000381469727,225.60000610351562,176.57000732421875,11.8100004196167,90.8499984741211,140.27000427246094
480,08/17/2023,104.44000244140625,433.404296875,130.4600067138672,403.0,14.010000228881836,219.22000122070312,174.0,11.829999923706055,90.43000030517578,138.0800018310547
481,08/18/2023,105.44999694824219,432.9543151855469,128.11000061035156,404.5299987792969,14.050000190734863,215.49000549316406,174.49000549316406,11.960000038146973,90.47000122070312,137.4600067138672
482,08/21/2023,108.22000122070312,469.6313171386719,128.92999267578125,408.2900085449219,14.100000381469727,231.27999877929688,175.83999633789062,11.970000267028809,90.72000122070312,139.55999755859375
483,08/22/2023,105.66000366210938,456.6423645019531,129.69000244140625,413.1700134277344,14.260000228881836,233.19000244140625,177.22999572753906,11.869999885559082,91.66000366210938,140.47999572753906
484,08/23/2023,109.43000030517578,471.1211853027344,133.2100067138672,427.54998779296875,14.15999984741211,236.86000061035156,181.1199951171875,11.960000038146973,91.73999786376953,144.5500030517578
485,08/24/2023,101.80000305175781,471.5911560058594,130.4199981689453,406.92999267578125,14.149999618530273,230.0399932861328,176.3800048828125,11.75,91.41000366210938,139.66000366210938
486,08/25/2023,102.25,460.14208984375,130.69000244140625,416.0299987792969,14.109999656677246,238.58999633789062,178.61000061035156,11.90999984741211,91.66000366210938,141.4199981689453
487,08/28/2023,102.61000061035156,468.3114318847656,131.7899932861328,418.05999755859375,14.210000038146973,238.82000732421875,180.19000244140625,11.899999618530273,91.7699966430664,140.8000030517578
488,08/29/2023,105.91999816894531,487.7998046875,135.49000549316406,429.989990234375,14.770000457763672,257.17999267578125,184.1199951171875,12.050000190734863,91.9800033569336,141.38999938964844
489,08/30/2023,106.58999633789062,492.59942626953125,136.92999267578125,434.6700134277344,14.729999542236328,256.8999938964844,187.64999389648438,12.029999732971191,91.9800033569336,141.8300018310547
490,08/31/2023,105.72000122070312,493.50933837890625,137.35000610351562,433.67999267578125,14.789999961853027,258.0799865722656,187.8699951171875,12.130000114440918,91.98999786376953,142.1999969482422
491,09/01/2023,109.44999694824219,485.050048828125,136.8000030517578,439.8800048828125,14.649999618530273,245.00999450683594,189.4600067138672,12.140000343322754,92.04000091552734,141.8300018310547
492,09/05/2023,110.77999877929688,485.4400329589844,136.7100067138672,448.67999267578125,14.479999542236328,256.489990234375,189.6999969482422,12.09000015258789,92.02999877929688,141.17999267578125
493,09/06/2023,109.27999877929688,470.6099853515625,135.3699951171875,445.760009765625,14.609999656677246,251.9199981689453,182.91000366210938,12.069999694824219,92.06999969482422,140.97000122070312
494,09/07/2023,106.58999633789062,462.4100036621094,136.1999969482422,443.1400146484375,14.609999656677246,251.49000549316406,177.55999755859375,11.960000038146973,92.01000213623047,142.22999572753906
495,09/08/2023,106.08999633789062,455.7200012207031,137.1999969482422,442.79998779296875,14.399999618530273,248.5,178.17999267578125,12.300000190734863,92.12000274658203,142.77000427246094
496,09/11/2023,105.31999969482422,451.7799987792969,137.74000549316406,445.3599853515625,14.520000457763672,273.5799865722656,179.36000061035156,12.220000267028809,92.18000030517578,145.3800048828125
497,09/12/2023,105.30999755859375,448.70001220703125,136.07000732421875,434.69000244140625,14.460000038146973,267.4800109863281,176.3000030517578,12.449999809265137,92.12999725341797,143.19000244140625
498,09/13/2023,107.70999908447266,454.8500061035156,137.5,412.239990234375,14.619999885559082,271.29998779296875,174.2100067138672,12.640000343322754,92.2699966430664,144.36000061035156
499,09/14/2023,106.62999725341797,455.80999755859375,138.99000549316406,400.489990234375,15.0600004196167,276.0400085449219,175.74000549316406,12.619999885559082,92.22000122070312,144.39999389648438
500,09/15/2023,101.48999786376953,439.0,138.3000030517578,396.94000244140625,15.229999542236328,274.3900146484375,175.00999450683594,12.609999656677246,91.81999969482422,142.91000366210938
501,09/18/2023,102.37000274658203,439.6600036621094,138.9600067138672,394.3999938964844,15.09000015258789,265.2799987792969,177.97000122070312,12.34000015258789,91.91000366210938,141.3300018310547
